과자류,-,
크라운)산도초코바닐1200,8801111919487',
크라운)산도스윗밀크1200,8801111918725',
커피엔)쫀득한계란빵,8801068384062',
마즈)몰티져스다크싱글37g,8804973306198',
푸드)반달파이까르보치킨,8809140577661',
푸드)반달파이불닭치킨,8809140577654',
HEYROO하늘의별딸기,8801728106010',
조이)쫀득한딸기마카롱,8809692950202',
롯데)녹아요가나슈케이크,8801062885190',
오리온)돌아온배배80g,8801117136703',
크라운)키커바죠리퐁26g,8801111940399',
농심)멘토스초코민트,8801043053501',
해태)썬키스트캔디1200,8801019008764',
해태)빅자유시간64g,8801019207983',
삼립)초코퍼지쿠키,8801068381924',
서석)투바이트브라우니,0770981090801',
롯데)자일리톨화이트,8801062886456',
롯데)자일리톨프로폴리스,8801062886470',
삼양)사또밥67g,8801073310711',
오리온)찰초코파이인절미,8801117558512',
오리온)찰초코파이흑임자,8801117558413',
SCD)먹는색종이지폐,4035600925831',
실속)2000버터크로와상6입,8801062885343',
롯데)누드빼빼로1500,8801062012756',
오리온)대왕젤리밥65g,8801117349707',
오리온)땅콩카라멜57g,8801117351304',
오리온)투유카페라떼36g,8801117480004',
오리온)투유우유초콜릿60g,8801117479701',
삼립)쫀득찰떡쿠키,8801068383355',
삼립)더블초코파운드,8801068383522',
삼립)딸기쁘띠샌드,8801068383478',
피오레)생딸기티라미수,8809495142682',
대두)오귤오귤만쥬,8809322921923',
크라운)어썸레드치즈33g,8801111940184',
삼립)딸기크레페,8801068383331',
삼립)초코카스테라롤,8801068383201',
몰티져스밀크90g,9300682036665',
몰티져스밀크37g,8804973306204',
삼립)핫불닭호빵1입,8801068383157',
고려)고려은단,8806012100057',
청우)찰떡쿠키오리지널,8801204203837',
농심)프레첼솔티카라멜맛,8801043040877',
농심)고구마깡1500,8801043036092',
해태)맛볼버터갈릭맛60g,8801019609725',
여리수)UFO에스파피어과자,4260195088313',
해태)오예스빅80g,8801019314582',
매크로)자케미니브라우니,3660140942409',
네슬레)킷캣감귤51g,8809415434507',
SCD)UFO캔디10g,8809522040257',
롯데)자일리톨스윗핑크,8801062886753',
롯데)자일리톨민트블루,8801062886739',
네슬레)프루팁스리치140g,8809415434217',
서영)홀스자몽34g,6924513901392',
대두)고구마앙파이,8809322921855',
대두)통팥앙파이,8809322921862',
푸드)딸기치즈링,8809140577777',
삼립)톰과제리크림호떡4입,8801068382792',
삼립)톰과제리롤케익,8801068382822',
롯데)핑거슈바나나빵4입,8801062885800',
롯데)나블리홍쌀빵,8801062886166',
청년떡집)딸기크림떡,8809297977697',
롯데)초단백질바50g,8801062887255',
푸드)딸기우유소라빵,8809140577784',
푸드)딸기메론빵,8809140577791',
오리온)레드벨벳초코파이,8801117023607',
오리온)오리지널초코파이,8801117022501',
편스)미트파이매운맛,8809140577807',
편스)미트파이오리지널,8809140577845',
농심)미니프레첼쿠키크림,8801043054331',
아띠)댄케이크버터쿠키18g,0656368002974',
롯데)허쉬캔디케인43g,0034000013814',
제이씨)미니레드벨벳케익,8809629720687',
매일)페레로사각8입,8000500133170',
미성)시크릿쥬쥬비즈캔디,8809990093717',
롯데)목캔디텐션업민트,8801062888740',
롯데)목캔디텐션업피치,8801062888726',
코코)망고맛집젤리,6955778406612',
롯데)허쉬리치초코케익6입,8801062888146',
농심)수미칩체다치즈맛50g,8801043053822',
크라운)죠리퐁마시멜로900,8801111939812',
피오레)호두파이,8809495142668',
피오레)애플파이,8809495142675',
참조은)쫀득롤케익딸기,8809523620762',
대산)라떼는말이야60g,8801728105969',
엘투)과일박스오렌지젤리,6959376400164',
엘투)과일박스사과젤리,6959376400171',
해광)코로코로젤리딸기,8850297600399',
해광)코로코로젤리포도,8850297600290',
미성)시크릿쥬쥬퍼즐캔디,8809990093700',
흥양)허쉬민트웨하스63g,8801725000540',
오리온)꼬북칩달콩인절미,8801117687502',
삼립)알록달록DIY미니케익,8801068382280',
삼립)스위스미스미니케익,8801068382266',
피오레)베리굿딸기오믈렛,8809495142651',
삼립)쫀득한인절미씨,8801068382297',
삼립)스위스미스브라우니,8801068382273',
유라가)조청인절미꼬치,8801121287842',
서영)밀카바딸기36.5g,7622210741677',
서영)밀카바오레오37g,7622210704740',
성풍)밀키크림스퀴즈,5901588026398',
동서)오레오레드벨벳94g,8801037094084',
롯데)지평막걸리소보로,8801062888634',
푸드)쫀득한마카롱3입,8809140577920',
피오레)앙버터붓세딸기,8809495142637',
피오레)앙버터소보로,8809495142644',
일신)하리보그레이프,9002975319003',
에이원)포테이토젤리,8992741906074',
미성)호퍼스초코볼340g,0010700501806',
롯데)치토스콘스프미니58g,8801062887644',
삼립)단호박크레페,8801068382044',
흥양)허쉬초코웨하스63g,8801725000434',
대산)선데이치즈볼35g,8801728105945',
SCD)먹는색종이,4035600925282',
SCD)UFO캔디75g,4003840008591',
삼광)아몬드바크씬,8809214400895',
삼광)마카다미아쇼콜라,8809214400901',
성풍)초코크림스퀴즈,5901588026428',
참조은)부어먹는단팥찐빵,8809523620755',
롯데)흑당호빵1입,8801062887002',
HEYROO눈꽃머랭팝콘,8809027558325',
빙그레)초코빵또아,8801104664998',
빙그레)쿠앤크빵또아,8801104664974',
일신)하리보사우어룰렛,4001686372975',
일신)브라운슈가버블젤리,4710098400403',
몰티져스초콜릿37g,5000159020312',
크라운)마이쮸딸기봉지,8801111912082',
크라운)마이쮸포도봉지,8801111912099',
아띠)에스더바닐라와퍼60g,8993083937375',
아띠)에스더초콜릿와퍼60g,8993083937368',
롯데)마라호빵1입,8801062887019',
청년떡집)고구마크림떡,8809297977475',
청년떡집)티라미슈크림떡,8809297977468',
일신)하리보사우어웜즈,8691216095557',
해태)연양갱바밤바맛,8801019008870',
농심)밀크초코바나나킥,8801043044141',
미성)허쉬초코크림샌드,8809256676838',
미성)미니허쉬쿠키,8809256674636',
오리온)쿠쉬쿠쉬갈릭바게,8801117135003',
오리온)쿠쉬쿠쉬1200,8801117283100',
해태)후렌치파이초코,8801019314391',
롯데)지평막걸리단팥빵,8801062888658',
삼립)초코포레누아크레페,8801068381306',
참조은)쫀득롤케익초코,8809523620700',
참조은)쫀득롤케익플레인,8809523620694',
롯데)도리토스딥소스살사,8801062888832',
롯데)도리토스딥소스갈릭,8801062888825',
실속)1500모닝롤6입,8801062887095',
실속)1500식빵10입,8801062887101',
명도)레알감자23g,8809394830956',
푸드)구황작물감자빵,8809140578163',
삼립)19피자호빵4입,8801068380651',
삼립)19야채호빵4입,8801068380668',
조세호빵)호두단팥3입,8801068381115',
흥양)빵빵덕레몬젤리,8801206001912',
오리온)마켓오다쿠아즈4입,8801117554910',
농심)츄파춥스카카오,8410031967265',
대영)익스트림피치캔디,8802534881023',
대영)익스트림페퍼민트,8802534881030',
서영)밀카미니115g,8809445021586',
오리온)마켓오브라우니6P,8801117555818',
오리온)고소미1200,8801117282806',
롯데)빠다코코낫흑당맛,8801062888252',
삼립)기라델리롤케익,8801068380507',
조세호빵)고구마치즈1입,8801068381139',
델푸드)블럭젤리,6936756224749',
고운벗)거봉젤리,8809502430320',
롯데)크런키볼1000,8801062888238',
롯데)아몬드쿠앤크1000,8801062888191',
롯데)드림카카오1000,8801062888214',
커피엔)브라우니타르트,8801068380927',
커피엔)거꾸로초코블랑,8801068380910',
피오레)고구마티라미수,8809495142620',
참조은)고구마롤케익,8809523620670',
삼립)19통단팥호빵4입,8801068380675',
조세호빵)양념갈비1입,8801068380699',
크라운)국희땅콩샌드,8801111614344',
롯데)칙촉브라우니40g,8801062888795',
푸드)흑임자주의보,8809140578187',
푸드)꾸덕슈고구마,8809140578132',
유라가)단짠찰떡꼬치,8801121287835',
농심)미니바나나킥50g,8801043053327',
마즈)스니커즈아몬드,0000000401050',
해태)자두캔디1200,8801019008788',
해태)알사탕1200,8801019008740',
해태)오예스2입,8801019313196',
롯데)크런키초코밀크,8801062892792',
롯데)크런키초코헤이즐넛,8801062892778',
롯데)꼬깔콘카라멜1000,8801062888504',
천하)버섯모양초콜릿,8698701016226',
삼립)말캉젤리라즈베리,8801068376913',
삼립)말캉젤리사과레몬,8801068376920',
해태)흑당맛동산90g,8801019609633',
켈로그)프로틴바30g,8852756505191',
켈로그)첵스초코230g,8801083272306',
대산)스키피초코피넛스낵,8801728105846',
삼립)추억의옛날롤케익,8801068380088',
피오레)초코시루케이크,8809495142613',
오리온)예감치즈그라1200,8801117282301',
오리온)예감오리지널1200,8801117282202',
오리온)오징어땅콩마라맛,8801117684808',
징코)밤식빵,8809495142606',
삼립)초코소라빵,8801068376999',
삼립)기라델리브라우니,8801068379617',
오리온)포카칩표고버섯맛,8801117679903',
삼립)초코미니샌드5입,8801068379921',
푸드)초코바나나빵,8809140578194',
롯데)마이펫캔디,8801062890095',
대두)리얼쿠키찰떡,8807999035028',
일신)베이비팝스윗사우어,5011053023033',
롯데)쌀로별라이스인절미,8801062891177',
오리온)파스타칩스파이시,8801117131708',
징코)쿠키크림케익,8809495142583',
징코)블루베리식빵,8809495142590',
롯데)졸음번쩍껌,8801062890255',
오리온)포카칩땡초간장맛,8801117682101',
롯데)마가렛트(소),8801062014675',
오리온)예감화덕칩파스타,8801117133504',
오리온)예감화덕칩사라다,8801117133603',
푸드)폭신사르르치즈케익,8809140578224',
대만대왕젤리멜론,4713105806687',
삼립)흑당카스테라,8801068378849',
오리온)포카칩구운마늘맛,8801117678302',
오리온)눈을감자오지치즈,8801117683702',
미성)오키오구미복숭아,9556437014635',
미성)바비카메라캔디,8888235006620',
미성)바비쥬얼리캔디,8888235006613',
커피엔)더블미니파운드,8801068379129',
커피엔)월넛쿠키,8801068379037',
커피엔)고소한월병,8801068379204',
농심)인디안밥45g,8801043049979',
프링글스)쿨링타올기획팩,8809291670778',
롯데)하마터면과자세트,8801062890118',
코코)베이블레이드캔디,8435477902458',
푸드)폭신사르르초코케익,8809140578293',
피오레)쿠키티라미수,8809495142576',
피오레)쇼콜라티라미수,8809495142569',
롯데)달콤한땅콩소보로,8801062713271',
롯데)치즈케익빵,8801062479061',
키즈웰)팝핑보바딸기맛,4710007524084',
키즈웰)팝핑보바리치맛,4710007524107',
롯데)도리토스마라맛,8801062890484',
푸드)꾸덕슈커스타드,8809140578286',
해태)친절한콘군옥수수맛,8801019609442',
해태)빠새킹,8801019609411',
삼립)대박찹쌀떡,8801068096330',
징코)폭신크림카스테라,8809495142545',
농심)구운새우칩,8801043048705',
코코)헬로키티오뚜기캔디,5200701001848',
오리온)더자일리톨소프트,8801117646400',
롯데)치토스매콤달콤(대),8801062383436',
롯데)쌀로별오리지널(대),8801062384938',
크라운)새콤달콤레몬볼,8801111937269',
롯데)아이스캔디파우치,8801062890415',
롯데)곤약애빠지다청포도,8801062008896',
참조은)쫀득찰떡롤믹스,8809523620618',
참조은)쫀득찰떡롤플레인,8809523620601',
오리온)아이셔팝캔디,2201148648897',
크라운)감자품격트러플,8801111937832',
롯데)단호박번,8801062892174',
롯데)모카번,8801062892181',
흥양)허쉬초코와플55g,8801725000410',
아미카)엘도라다감자칩400,8008714002152',
해태)허니버터칩라벤더,8801019609381',
해태)오예스미숫가루라떼,8801019314162',
롯데)아이스브레이커딸기,6942836711054',
해태)얼초동물그리기,8801019207914',
농심)멘토스콜라맛,6921211115076',
삼립)오븐에구운도넛,8801068377705',
롯데)허쉬카카오파이6입,8801062891931',
오리온)스윙칩V폭립바베큐,8801117678203',
롯데)감칠라옥수수매콤55g,8801062891030',
오리온)태양의맛썬바게트,8801117681807',
미찌)곰표팝콘오리지널맛,8805856103729',
롯데)젤리퐁당피치코코,8801062891917',
롯데)수박바젤리,8801062336579',
징코)치즈소보로빵,8809495142514',
삼립)카스테라롤,8801068377415',
피오레)무지개케이크,8809495142521',
프링글스)마늘감자맛110g,8886467113840',
매일)네이처밸리오츠베리,8410076801029',
매일)네이처밸리아몬드,8410076801012',
롯데)찢어먹는짱셔요,8801062893898',
농심)포테토칩육개장사발,8801043049382',
오리온)다이제씬,8801117131210',
푸드)말차소라빵,8809140578477',
삼립)블루베리크레페,8801068377439',
오리온)초코송이젤리,8801117348106',
빙그레)곤약젤리피치자두,8801104664318',
빙그레)곤약젤리망고패션,8801104664295',
삼립)BR레인보우샤베트,8801204505801',
삼립)BR체리쥬빌레망고,8801204505795',
농심)후르츠텔라요거트,8990800019772',
해태)자가비허브솔트맛,8801019609282',
푸드)초코소라빵,8809140578538',
삼양)별뽀빠이72g,8801073310704',
크라운)내맘몰랑청사과,8801111936606',
예스)트롤리버거XXL,4000512008903',
징코)데리갈비범벅빵,8809495142507',
크라운)뽀또치즈타르트92g,8801111936958',
롯데)레트로과자선물세트,8801062892075',
롯데)ABC초코쿠키50g,8801062893546',
해태)포키1500,8801019314001',
롯데)크런키바월드콘맛,8801062891825',
롯데)따봉파인애플198g,8801056096250',
해태)아카시아껌1000,8801019413865',
해태)은단껌1000,8801019413841',
매일)후룻바이더풋포도,8809035220849',
매일)후룻바이더풋딸기,8809035221501',
삼립)크림치즈미니샌드5입,8801068376906',
롯데)드림카카오제로,8801062894673',
흥양)젤리인젤리리치,8801206001592',
오리온)꼬북칩콘스프160g,8801117784508',
오리온)닥터유젤리포도,8801117345907',
오리온)닥터유젤리복숭아,8801117346003',
피오레)쿠앤크오믈렛,8809495142477',
피오레)쇼콜라오믈렛,8809495142460',
오리온)섬섬옥수수매콤,8801117676506',
오리온)섬섬옥수수어니언,8801117676209',
롯데)쁘띠찰떡파이앙꼬볼,8801062896110',
롯데)단짠크런빼빼로1500,8801062894611',
롯데)자일리톨화이트용기,8801062894789',
롯데)BIG에그짱2걸,8801062894932',
롯데)BIG에그짱2보이,8801062894956',
징코)소세지체다범벅빵,8809495142446',
징코)마늘연유범벅빵,8809495142422',
롯데)자일리톨T껌,8801062894390',
오리온)닥터유단백질바,8801117478100',
롯데)몽쉘딸기케이크12입,8801062894406',
롯데)꼬깔콘달콤한맛,8801062893584',
코스)치킨볼닭강정맛,8801906163026',
HEYROO팝꽃놀이,8809027557755',
농심)쫄병짜파게티맛,8801043048774',
오리온)감자소스데리야끼,8801117675400',
HEYROO치즈순삭,8801728105662',
해태)오예스미니12입,8801019313929',
롯데)기린메이플캬라멜,8801062895021',
해태)아이스쿨얼그레이,8801019414466',
해태)아이스쿨체리블라,8801019414480',
대두)리얼생초코찰떡,8807999035011',
HEYROO꼬불이마라탕면스낵,8809189923351',
켈로그)크런치넛에너지바,8852756055610',
롯데)초코파이12입,8801062894659',
흥양)벚꽃프레첼,8801725000458',
크라운)콘딸바,8801111937368',
롯데)자일리톨프로텍트,8801062894826',
흥양)벚꽃젤리,880172500465',
푸드)수원식왕갈비치킨빵,8809140578668',
롯데)곤약애빠지다자몽,8801062894062',
오리온)후레쉬베리애플8입,8801117553913',
오리온)초코파이피스타치,8801117554316',
삼립)슈크림인가봄,8801068375732',
삼립)끼리크림치즈수플레,8801068376098',
도시어부)어부젤리,8801725000403',
제니코)피치초코필링빵,3256540002654',
제니코)피치딸기필링빵,3256540002661',
제니코)팡오쇼콜라,3256540002685',
대만대왕젤리리치,4713105806311',
오리온)치킨팝닭강정맛,8801117674601',
코우코우)슈퍼롤리팝,6921078592164',
롯데)청포도젤리,8801062007950',
롯데)구미구미딸기,8801062894116',
오리온)아이셔젤리블루,8801117346706',
오리온)아이셔젤리레몬,8801117346508',
프링글스)텀블러기획팩,8809291670693',
해태)포키체리블라썸,8801019313752',
피오레)추억의매점피자빵,8809495142415',
피오레)추억의매점씬피자,8809495142408',
푸드)베쌈에무쵸,8809140578767',
일신)리콜라글라시민트,7610700008683',
해태)허니버터칩벚꽃,8801019609176',
삼립)우카빵,8801068375398',
삼립)미니빠오즈닭갈비,8801068375251',
삼립)미니빠오즈콘치즈,8801068375244',
커피엔)크랜베리쿠키,8801068375466',
롯데)왓따딸기맛껌,8801062896370',
명도)콤보치즈크래커102g,8809394830765',
롯데)크런키화이트,8801062896097',
매일)페레로누텔라앤고,0009800800056',
켈로그)콘푸로스트컵,8801083333304',
롯데)ID믹스베리껌,8801062316137',
크라운)죠리팡뮤즐리40g,8801111936385',
롯데)쁘띠몽쉘크림12입,8801062896561',
롯데)쁘띠몽쉘카카오12입,8801062896554',
롯데)기린몽블랑패스츄리,8801062895014',
롯데)하비스트피넛샌드,8801062896790',
롯데)롤리팝라인피규어,8801062013012',
오리온)마이구미딸기,8801117346300',
삼립)딸기아시나요케익,8801068375114',
롯데)가나초콜릿골드,8801062895502',
메이지)멜티키스쇼콜라,4902777026053',
네슬레)킷캣딸기티라미수,8809415433982',
롯데)야채크래커83g,8801062521524',
삼립)두근두근딸기데니쉬,8801068375107',
롯데)허쉬골드초콜릿,0034000314027',
오리온)생크림파이무화6입,8801117553210',
롯데)하비스트달콤고소,8801062896806',
끼리냉동)스틱치즈케익,8809523620359',
해태)티라미수홈런볼46g,8801019313660',
푸드)콩가루주의보,8809140579887',
리얼딸기초코볼,8809008810022',
농심)에스키모밥60g,8801043045346',
크라운)꿀땅콩듬뿍카라멜,8801111935265',
삼립)빅딸기샌드2입,8801068097498',
HEYROO리틀치즈큐브,8801728105617',
오리온)대왕꿈틀이콜라맛,8801117345808',
롯데)자일리톨베타용기껌,8801062898824',
오리온)그래놀라야채33g,8801117128104',
오리온)그래놀라검은콩33g,8801117127909',
오리온)그래놀라과일33g,8801117128005',
HEYROO초코크런치스낵,8801728105563',
대두)황금돼지우유앙빵,8809322921602',
롯데)꼬깔콘버팔로윙맛,8801062015931',
해태)구운양파어니언랜치,8801019609145',
피오레)쿠키크림케익,8809495142361',
돌)푸루푸루구미멜론,8809069308742',
돌)푸루푸루구미망고,8809069308711',
오리온)왕상어밥스낵,8801117128708',
델리팜)앤디스토피크런치,8809141471128',
델리팜)앤디스민트초콜릿,8809141471111',
커피엔)벨기에초코와플,8801068374292',
커피엔)초코블랑,8801068374261',
커피엔)든든왕만쥬,8801068374278',
해태)신쫄이구미콜라맛,8801019008603',
해태)신쫄이구미딸기맛,8801019008580',
해태)오예스자색고구마8입,8801019313578',
롯데)엄마손파이127g,8801062521241',
삼립)꿀데니쉬4입,8801068374087',
매크로)하이츄사워레몬맛,4902888971389',
매크로)하이츄사워자몽맛,4902888971372',
오리온)파스타칩어니토마,8801117126100',
오리온)파스타칩머쉬크림,8801117125806',
푸드)크림치즈시나몬롤,8809140579986',
네슬레)킷캣청키쿠앤크,9556001216144',
동아)박카스젤리,8806011435631',
해태)허니버터칩아몬카멜,8801019609077',
해태)맛동산흑당쇼콜라90g,8801019609022',
롯데)리필오리지널껌,8801062320950',
예스)사워글로웜즈42g,8437000482543',
예스)트롤리미니버거10g,2201148615516',
진경)원피스젤리망고맛,9556296323787',
진경)원피스젤리후르츠,9556296323794',
롯데)왓따짱셔요껌,8801062898206',
롯데)오잉랍스터맛,8801062898558',
삼립)옥수수이야기,8801068373981',
오리온)꼬북칩히말소금맛,8801117673208',
피오레)우유생크림케익,8809495142347',
찐빵기전용)쑥찜케익,2201148647487',
찐빵기전용)고구마찜케익,2201148647470',
찐빵기전용)백설기찜케익,2201148647463',
마즈)트윅스다크,0000088017945',
해태)빠새콘치즈랍스터맛,8801019608995',
크라운)핀과제이크비스킷,8801111934091',
오리온)생크림파이카멜6입,8801117599119',
오리온)생크림파이6입,8801117599010',
롯데)크런키바돼지바맛,8801062006908',
롯데)도리토스나쵸치즈,8801062381814',
돌)파인애플컵198g,8809069304010',
삼립)코코아초코롤케익,8801068102017',
농심)포스틱하프컷콘스프,8801043043878',
삼광)마카다미아미니초콜,8809214407948',
크라운)꽃게랑,8801111770132',
롯데)구미구미젤리,8801062898862',
해태)포키극세,8801019309946',
서영)밀카오레오,7622210262202',
서영)밀카알파인밀크,3045140105502',
찐빵도요리다)갈비,8801068372779',
찐빵도요리다)고추잡채,8801068372762',
오리온)감자엔소스칠리맛,8801117671709',
찐빵도요리다)고기부추,8801068372663',
해태)곤약이탱글해포도맛,8801019008399',
해태)곤약이탱글해배맛,8801019008375',
마즈)스니커즈다크,6914973608597',
롯데)왓따청포도맛껌,8801062016679',
롯데)말랑카우솜사탕소다,8801062899555_%EB%A1%AF%EB%8D%B0)%EB%A7%90%EB%9E%91%EC%B9%B4%EC%9A%B0%EC%86%9C%EC%82%AC%ED%83%95%EC%86%8C%EB%8B%A4',
삼립)어니언소시지빵,8801068372144_%EC%82%BC%EB%A6%BD)%EC%96%B4%EB%8B%88%EC%96%B8%EC%86%8C%EC%8B%9C%EC%A7%80%EB%B9%B5',
CJ)워터젤리제로레몬170ml,8801007716022',
CJ)워터젤리제로자몽170ml,8801007716046',
오리온)그래놀라바단호박,8801117124106',
오리온)그래놀라바검은콩,8801117123703',
오리온)그래놀라바무화과,8801117123901',
오리온)오그래놀라야채,5AB770896D084BB78B6B124EC69925C8',
오리온)오그래놀라검은콩,8D93D607D70946148A4F800D76029747',
오리온)오그래놀라과일,D200DC5A057842A6BBE5218EBBCC44EA',
마즈)이클립스피치캔디,BC1066F652014A26909E32E2804F4785',
마즈)이클립스페퍼민트,8C57B298DE87471B93AB8D2F193DEEA2',
크라운)스키피땅콩샌드,6F0867B1D0A340599CC486204925E53E',
삼립)크고달콤한단팥빵,AA81D74157F54A189AD03094D8A4F79A',
롯데)코팅자일리톨빅팩껌,8801062318490',
일신)하리보자몽맛100g,D971657243EE4F85B0181F76916FC7FE',
해태)오사쯔1500,8801019606328',
델)파워레인저갤럭시킹,F41042958A3A451AA0B0FEEB159B71A8',
해태)칼로리바란스,8801019306396',
롯데)미니연유샌드5입,11D95C3DCCB94B06B38D0EBEEB176600',
롯데)꼬깔콘매콤달콤144g,A827B3DAE42941EA97C21123756EA3E7',
롯데)꼬깔콘군옥수수144g,12F2EEDFBF734CF6B2519F171F471DA1',
롯데)몬스터칙촉티라미수,8801062015191',
롯데)몬스터칙촉쇼콜라,8801062015177',
오리온)더민트페퍼민트,D321177074364A1E94E0784D40248DEC',
삼립)저온숙성밀키팡,8801068370720',
코코)시크릿쥬쥬피리캔디,C1D38046D7774F538D3B69620080D64D',
HEYROO고구마스낵1200,1C8C1C8DB35B4DA5B09488C76B136272',
HEYROO마늘맛콘스낵1200,AA95BB2BCF9C46AAA06F634D8134B25B',
HEYROO오란다스낵1200,6CD3B7E0336D4668A3465B8E97293556',
HEYROO왕소라과자1200,0E442CF774F040699E0D23B291EA2F13',
삼립)잼있는딸기쿠키,8801068371208',
삼립)잼있는사과쿠키,8801068371192',
페이머스아모스56g,1A58FC62E5F54AAEBA030B847543F43B',
농심)포테토칩콘치즈,8801043043403',
롯데)말랑카우딸기캔디79g,8801062013395',
롯데)말랑카우소프트79g,37820F9F81F1461E96B4620B55F6E78A',
롯데)애니타임봉지캔디92g,3C00AB40DC9B4BE0BA1C894B9311808A',
롯데)스카치봉지캔디157g,8801062013456',
롯데)청포도봉지캔디153g,8801062009527',
오리온)아이셔츄잉청사과,2124B292D79341C2B627DD9B950DC15F',
오리온)아이셔츄잉딸기,8801117344207',
HEYROO까망베르쿠키1200,AE2EBC62ABEE44B596B8936ADB8691BF',
해태)구운치즈감자칩,39D7EF0A85D146D69FD803ADDEC38BDB',
HEYROO김두부스낵,8801906165549',
HEYROO신나는초코뉴짱,1F9F888B050E45A6BF6CB3F64E196AC4',
미성)바비립캔디,6939495521858',
HEYROO진한초코칩쿠키,8801728105365',
롯데)식이섬유오트바,8801062014613',
해태)오예스6000,8801019313219',
농심)츄파춥스헬로키티,72381B3AE7434461A8DEC510FE9B970F',
롯데)통넛츠바아몬드30g,17CB452592354477931FD59D1AED7249',
크라운)땅콩카라멜봉지,8801111912075',
오리온)닥터유트리플베리,E1C01633583F438BBA551ED6F0FCC551',
오리온)닥터유99라이트바,8801117436407',
오리온)닥터유에너지바,8801117431907',
롯데)화이트쿠키빼빼로1500,78C139CEA27C4F9CA79006F1C135AA53',
롯데)아몬드빼빼로1500,8801062012725',
롯데)초코빼빼로1500,8801062012701',
해태)딸기웨하스900,8801019313332',
해태)크림웨하스900,5EC7AD1C2C714E4F887FFFCA883A46F6',
해태)맛동산90g,8801019608766',
해태)자유시간아몬드36g,8801019207655',
삼립)연유요팡,8801068370379',
삼립)스노우치즈케익,8801068370492',
농심)깐풍새우깡80g,59F088A66C14455BB17313CF4A36086B',
HEYROO쌀떡볶이1200,FA8B2ED5F4FB4ACEA813A41E43BE1C3E',
HEYROO신나는뉴짱1200,14494CA87049493ABD53D54DC0EC772B',
HEYROO달콤한대롱과자1200,78B6CCBB2071426F88977100CE3C0123',
HEYROO꼬불이라면스낵1200,E85F900AE3FF400F90427FCEDF2C0C5D',
롯데)도리토스갈비천왕,9EACCD7F142F431090B0EE0F174FEE5F',
오리온)생크림파이카라멜,8801117598013',
오리온)생크림파이,5D09816C69BC4D779CD54E61D758A21C',
일신)푸쉬팝트리플캔디,4B8586AFDFCE42DAA0B039D099A5E49C',
오리온)아이셔껌,A325BBC8ACCD42FAA9A87185270C582C',
푸드냉장)초코가득메론빵,48261EF61A534DF5B391884602CFD7E1',
롯데)마가렛트고로케맛,F84883DF357B45D5B21A626AD7821C80',
HEYROO간장치킨맛팝콘1200,B631593A8C6E425A9357448098710473',
농심)오징어다리달달구이,D5988EA5F9724012AF8F097D3379971F',
롯데)말랑카우솜사탕딸기,8801062013654',
코우코우)마우스캔디,8AE59A64FD9241D78B74A331021C6121',
삼립)배스킨라빈스제리뽀,16A4B3825D6D4ACBB59DF732258B2DD7',
빙그레)쥬시쿨젤리청포도,57896F38496F4FC1B2699EF19CB1DE6A',
빙그레)쥬시쿨젤리자두,804A4B9EA3B5473FB9BD813406A30A19',
HEYROO카라멜맛팝콘1200,8809027557090',
HEYROO고소한치즈팝콘1200,8809027556949',
HEYROO콘소메맛팝콘1200,8809027556932',
프링글스)브라질바베큐110,9E45E4CAE96B49308943DE2DEC231380',
프링글스)이탈리안피자110,490AE1B816AC4D2B9CA787EA0CC329C4',
오리온)후라보노스윗민트,26845F1C657D461E87CAE764C4D0A4B9',
오리온)후라보노쿨민트,B1A73FC8C6414A27A6B79EC481BB4B4A',
푸드)피자빵빵,6B3B833E21874993B3FB40DEA8235E77',
삼립)영양가득에그볼,A9297BEE4B83405898CC9581765D037D',
삼립)카라멜요팡,8801068368826',
롯데)쌀로별오리지널,5066A1E12E5B4FFA9D7C4F788E65D553',
일신)쥬시드랍츄,A0AB6DC3724047ABA257470C10BB60A4',
코우)젤리몬스터깔라만시,BB9B806F1E7F4A93A6CAB24C1E89F619',
코우)젤리몬스터트로피칼,7E34890134104151BF2C4092C2F090BF',
하이큐)사우어캔디사이다,781D78FBD1AE4D85927FF7012A8EE6EA',
하이큐)사우어캔디콜라,A3065D836F66453BA61977FCE1F820ED',
동서)오레오오즈250g,42EBFDEC11C24EDC83CF4ED4A152F3A7',
크라운)키커바트윈녹차맛,3FBE957AD55C4927A8D28B1D8212E2B7',
크라운)키커바트윈딸기맛,8801111932837',
마켄구미콜라향,0FA4175940E2496F993150B28020B328',
마켄구미사이다향,2209FA658E084CABB56FE54CB929C66B',
마켄구미포도맛,ED346086F8294410BDA047C8155BF7EA',
크라운)새콤달콤블루소다,A4FE5A26A0194C61A3CE5524B9C313CE',
오리온)태양의맛썬80g,8801117798505',
흥양)요구르트프레첼,8801725000052',
롯데)몽쉘치즈케이크6입,DEE4838EE29F4EBC9F517C5F3E698B2D',
CJ)쁘띠첼포도160g,85776293E4924FD5B4765494A7B4A1CC',
CJ)쁘띠첼복숭아160g,8465F3E967FA410CBD96050A226BC8C7',
롯데)허쉬밀크초콜릿,0000000342400',
돌)트리플바크랜베리,8809069305505',
매일)킨더초콜릿미니22입,644A2913F8AC473FBE7EACDC1CBB10C9',
삼립)요구르트맛제리뽀,72332EF5EE2D4251967CE84DAF2A7554',
일신)푸쉬팝캔디,90E2B03F403142C2B196B7AF94AB1951',
롯데)씨리얼오트컵,9C8C9B3B6F7040B98B6D91BE54F68820',
오리온)젤리데이석류,B229358A17A64827B9DE56AA5866E0FF',
초코)미니핑거딸기초코,61B91A19C1A94618B34D1545F0C81F58',
롯데)시로마로패스츄리,EA54C7835E8A484D89670E4EAC91606F',
푸드)콘치즈빵,92E94263863F47CDBABFDFD3F20B5065',
롯데)스마일리젤리,27E9C49F1E644D9A8D24758163E40F8D',
롯데)왓따수박바맛껌,F9AC809C31B149A8A06116969BC50B98',
동서)캐드베리밀크초코,E5D46F8CA03044FD9E1034B5D8B9FD3C',
해태)자유시간크리스피,8801019207464',
농심)멘토스화이트초코롤,1B9C3FB29F194B028ADAA7C8F640277C',
농심)멘토스초코롤,54BF31CBB0884D058E7C45974E009E84',
삼립)카카라이언말캉젤리,B97B4B0BD81F429DB18B9B96F55144B0',
삼립)카카오피치말캉젤리,9214B435949C43449CD12A49A61DD725',
CJ)쁘띠첼밀감160g,0565E9814EC4441A92DC03EB22FE13A2',
흥양)초코프레첼,E0BE336D499C494584548D248AEE69D9',
크라운)미니쉘딸기24g,8801111923231',
롯데)뉴쫀쪼니딸기사과맛,8801062007936',
크라운)디샤마카롱초콜릿,4EE7F1359CCC4026A71F2F508C5897F4',
로아커)로즈다크노아초코,F8001A14769A4531AA72748367CE0BCB',
로아커)로즈오리지널초코,4C0F15824CF641F8A21BC822F2D3BB68',
로아커)라즈베리초콜릿,C09439F8E9024D6885A735F1B7FB2F35',
오리온)마켓오딸기타르트,8801117475802',
오리온)마켓오티라미수,BC143EFAC5E34A46A37D1C4AC3CB3AFA',
오리온)쿠쉬쿠쉬크래커,4D7FD6F4A9A441B78E55AAA55176CA75',
롯데)공룡박사양념바베큐,46E86F19CFEC4A55A3E61159BD5BDD0F',
롯데)가나생크림초콜릿,3FE2C0D5118E44B992178BCF65DEF5A2',
매일)킨더조이뽀로로,0000080310891',
롯데)젤리셔스말랑바나나,05A261F748AE494787D61D015DBE68D9',
켈로그)허쉬초코시리얼50g,7ADC5A8D00974F13BF339B5C56F7137D',
롯데)아이스브레이커포도,9A1778C379AA4800BD427A83C296E002',
해태)명란마요감자칩,CD2083AECB094CD9AE1F98DECAC04EA2',
미성)티롤딸기가득초코,341EE3C748464B128EB6AFE25E3B2F92',
동서)콘푸라이트요거트바,8801037092363',
동서)콘푸라이트밀크바,8801037092332',
오리온)더자일리톨비타C껌,635C53A892CB4679AF60F106E3CDFD85',
빙그레)곤약젤리청포도맛,8801104306300',
오리온)마이구미복숭아,1EA485FB76344FFB8F399641F467572C',
해태)프리파타풍선껌,F0342ECA8B8B4071A293E45DD33757D4',
오리온)초코칩초코파이,AD6D4095B9E3488EA31DC4523885C244',
오리온)왕꿈틀이복숭아맛,4AE84701AAEF48749F06AC4CC49B93D2',
롯데)가나에어라이트,8801062006212',
크라운)키커바녹차맛,2A5DBBB87C48413F8C6ADDFCFAA5044A',
롯데)자일리톨라이트용기,83237E77A5BD4AAEA6E3E28E520E1552',
켈로그)허쉬초코시리얼500,29B172F10CD848648DAA31F637664E5D',
롯데)코팅자일리톨핑크껌,DE9B15DB0BA94E2F88206735807CFD69',
롯데)코팅자일리톨민트껌,8DD65B4340B54C2D8C32BAD4AF02B501',
동서)홀스XS레몬민트,EF80F15980894EA0A3B2C570BF358BF4',
동서)홀스XS멘토립터스,52843C99BBD84655BF7CDE298CB9D627',
흥양)젤리인젤리복숭아,58AD68E03AC4481587A6A1D33F8357E1',
오리온)감자산맥핫윙맛,D0DF168CEAF5456180113230C7B11586',
오리온)카라멜콜드브루,822D7C999B3543C482CC7FE144544D21',
오리온)카라멜오리지널,2FBFDF312C714E279C98DD71F631BA17',
크라운)콘치크림치즈,3FC24BACFF024A2A9354429ED0411CF4',
매일)페레로컬렉션3구,09D884A1961444A699436AC699AB1463',
해태)타코야끼볼고추냉이,0F557491315F4DC881CAF73C24BF1852',
베베토)팝콘마시멜로우,F44B0C4B1DE84F2787E0F71A3D0A15D0',
해태)허니버터칩메이플,6102EDF360C348178A61CEC39C69E73F',
오리온)통크,C76697F71BA4476AA36FD44A9C648A93',
포테토크리스피어니언,7B96BA0EA2E2446E85CD9ED525FFAFED',
포테토크리스피바베큐,E50C1FB138604C489177720A34A69389',
크)파스타또토마토새우,971C111710BD44FFA439E19F581A19BE',
크)파스타또크림페퍼,2285254ADA384163BF87D7FBAC9102AA',
농심)웰치스후르트젤리,0034856064084',
광동)비타500젤리,C27D0C8513184E38922D1A7AC7A29A84',
켈로그)첵스초코컵,8ECF615B51E4442EABEB7E906B9DB4C0',
로아카)가데나헤이즐넛,0000080001287',
로아카)가데나초콜릿,0000080001461',
몬스터초코라이스칩,1D5FEBDBA9BA4D8DB07E510CACEC7537',
롯데)왓따스크류바풍선껌,B4F5D6934BA24323A5B16F3AB03B0B64',
롯데)요하이밀크초코스틱,33A04B194DDC47C39DC41646816FEEC6',
이멕스)베이비스타라멘,BA314E2796D44D4AA118ABBECC80A59F',
크라운)초코샌드,6A1039033DFB467AA343445E9192CE84',
크라운)땅콩샌드,2026901EA96A4CE4A5F9DC439C99C89D',
오리온)다이제미니초코,BB79F6B9F87B43CC92C798B2D565A212',
삼립)저온숙성완듀팡,8801068109740',
농심)포테토칩참치마요,895E91CAF3C642E39AABFCC94E9A7E40',
일신)베베토감자튀김젤리,FFEF6DB4419441948DEFF65073677F18',
팝콘)렌지용팝콘버터맛,C42A62C2F3D84C479151EB8708DA5B09',
농심)츄파춥스미니언즈,63FC9B98BCCD43A786957A21B406B82B',
프링글스)할라피뇨110g,8886467109195',
부드러운모찌젤리유자,426BA52B99F44693BF01117C9A427D37',
부드러운모찌젤리블루베리,B1C6A16CC01344A0ACDD678CCBF6BA73',
농심)누룽지칩구운김맛,6D3D2C665EB148F7996BF50DCF355EF5',
롯데)크런키믹스크리스피,B6EA21E7033D40498E81346198B6750C',
삼립)펭귄신호등모찌,317B5FB57C13425BA1F37FC3F75E21E3',
롯데)스누피미스터리박스,CCDBE4437A3F40EBB9E222EE7E6E12B6',
타라미)곤약젤리청포도,B69392FB7DC64FFC8555A976E9DE20FF',
타라미)곤약젤리복숭아,D0D7E7412D8846D080BC2B470AC8E65E',
미성)허쉬쿠키화이트,8809256675428',
미성)허쉬쿠키오리지널,8809256674643',
네슬레)킷캣그린티미니,52352AE5083E48029BAF2A97BB6FCED9',
롯데)쌀로별달콤한맛,AFF3050D03E4428B82D8C5129F5A0456',
동서)콘푸라이트,1D86052777614B4A97B4D031F26F3587',
롯데)아그칩치즈볼케이노,AF4686FD59C747BBBA2F7B5566BC883E',
빙그레)요맘때젤리복숭아,34D0198897834BBD848C12BFFB38DF6B',
빙그레)요맘때젤리딸기,E8741856F92346228884BDF58D2D617C',
롯데)왓따죠스바껌,9CEB8E57BE6F43948028FD3344E0D0BD',
대진)LU클래식비스켓,F385E651D549439DBD6732207A9764A1',
명도)스위트몬스터초코볼,B608912829534C22883FD7A6572805B1',
농심)새우깡90g,A7DA6E7DED9F442CA5022900C61615C9',
해태)허니버터칩,8801019606540',
롯데)꼬깔콘군옥수수맛,8801062380213',
롯데)꼬깔콘매콤달콤,8801062381937',
농심)꿀꽈배기90g,8801043036177',
오리온)포카칩어니언66g,078F8C87A77F429BA77AD0401578048E',
농심)닭다리너겟130g,9D282DE6E27943168DBC250A0332FFA8',
농심)매운새우깡90g,6EBD8C283CBC47E4AA230851A768CA80',
오리온)포카칩오리지널66g,F660F1C5AC7E4B1CBE0ED55C4E1CB75B',
농심)포스틱84g,3E0B064B7B2F4D919A65319474E3C3D8',
해태)초코홈런볼46g,8801019306495',
오리온)초코파이12입,8801117534912',
롯데)빈츠,4ACBCD4B075549E78CCC9584DC66BC81',
롯데)마가렛트264g,2355D955732C491D84ABA65A2266B3F6',
오리온)다이제초코,8801117277406',
롯데)칸쵸54g,8801062518210',
해태)맛동산165g,8801019603426',
HEYROO콘초코플러스,8801728103767',
농심)양파링84g,62A4261F54D94AC1A08091D5210D768C',
크라운)콘칩70g,0BB07E0786BE42EDA9A5C979BEBFA6AE',
HEYROO소프트인절미스낵,0FC9FB3FFFDD41CDAAC4701F0AC2B254',
농심)쫄병스낵매콤90g,8801043031431',
오리온)스윙칩간장치킨60g,572C73F52CA64B788E88257D56453C67',
농심)오징어집83g,6803CCC9F5BB4F2FB4D92485311BF445',
오리온)오징어땅콩98g,7F6EFD65ADBF464EA4161D1BDE278160',
오리온)오징어땅콩202g,28BAFA9FF3A345098A28BF092FE1DE07',
농심)자갈치90g,B100D8B2FD8A4635B2D2A72B94741060',
해태)에이스,8801019306907',
오리온)초코송이,8801117446901',
동서)오레오화이트크림,8801037088168',
해광)프레첼체다치즈,4D807C7C23E442FF8257AC10D17AC81D',
롯데)몽쉘카카오케이크6입,3D7058F9D8AA479CAD37627840EA9C28',
롯데)카스타드6입,8801062518258',
롯데)제크오리지널100g,8801062521906',
롯데)꼬깔콘고소한맛67g,8801062380114',
해태)허니버터칩120g,2E6992C9F92F4620A00807E26B58C7CA',
HEYROO맛새우칩,8801906165204',
농심)바나나킥75g,ECA40DD2814B48FBA037B20148533DB3',
오리온)스윙칩고추장60g,F9B0C6F8852340689BACD7A54302EAC9',
프링글스)오리지널110g,8886467100017',
롯데)오잉75g,05C3CF141A8D44FC8962A3F171B94F2B',
HEYROO마늘바게트,8803173220303',
오리온)촉촉한초코칩,8801117276201',
롯데)빠다코코낫100g,8801062521876',
롯데)칙촉,9D86A48C13F54E259FA71BE174AF50E2',
동서)오레오초콜릿크림,8801037088205',
크라운)버터와플,8801111113205',
롯데)몽쉘크림케이크6입,2C8A692316864633A090252883C13F4C',
농심)닭다리후라이드66g,0219AF4F50964C16B8B784A875FD4C70',
오리온)고소미,4B0E90FE80174C8FAE6650A6F52BA8B4',
오리온)스윙칩사워어니언,7DD76F4FBC0A427A8A83A9449C62767C',
HEYROO콘칩군옥수수맛170g,D05774836BC14F739FB39C4F1967E268',
프링글스)양파110g,8886467100024',
크라운)콘초,AD8441712652413E8E24FB52E017D74F',
오리온)도도한나쵸치즈92g,1E5E0B5A28624CDDBF034A6F138272AC',
프링글스)양파맛53g,8886467105357',
오리온)눈을감자56g,F6676A9B90044705A50B2C65DB3A8652',
오리온)오감자양념치킨맛,8A63BC21B4A248469E2C79A60B411DF4',
HEYROO프레첼&카라멜,8809027554433',
오리온)땅콩강정,41F0F1327E9440CCB8AF30D4B20F88D9',
크라운)쿠크다스128g,B459D3F3D7B44D1B8F38246D842C507E',
오리온)초코칩쿠키,8212C41C87FE4163A5D4D621554E1503',
로아카)카카오웨하스,3D8E9709E0AE471AB1FD328B2E07F0ED',
해태)초코픽,8801019308246',
크라운)빅파이딸기,8801111180481',
크라운)쵸코하임142g,8801111186216',
오리온)고래밥볶음양념40g,8801117115203',
롯데)롯데샌드오리지날105,8801062521449',
오리온)미쯔스낵팩,9858393DD2A444969B805D35B7CCE36D',
오뚜기)뿌셔뿌셔불고기맛,8801045560038',
오리온)꼬북칩콘스프맛,8801117784409',
크라운)카라멜콘메이플74g,8801111904292',
농심)조청유과96g,8801043036719',
프링글스)핫스파이시110g,8886467100055',
오리온)포카칩오리지널137,416763329FC2474CAD091910FCE766BB',
초코)포켓몬스낵,4901940070305',
프링글스)오리지날53g,8886467105333',
청우)참깨스틱,0F51D72A5C9845238174BBBCC2DE8098',
오리온)참붕어빵6입,DAAE2BBF0E4E4533BD975D959FB0C4B8',
해태)버터링쿠키,8801019309571',
동서)리츠치즈샌드96g,8801037091526',
해태)사브레,8612B341CE2E4C4FA347DECFB88CBAAC',
해태)구운감자,8801019602504',
오리온)오감자그라탕50g,CC9BA5EE96B64609BF3C8AD389EEAEC3',
농심)알새우칩68g,D7B50DB9A6CA4E119C9819FFB35E2DA2',
HEYROO체다치즈나쵸칩,720493406C384A3BAAAC87ED1712833A',
크라운)죠리퐁,C42164EE5C3F4ECFB8D958643ED45DAF',
HEYROO초코바나나콘,8801906165495',
롯데)치토스스모키바베큐,B504B23915EB4D6FBE8574A94E840817',
오리온)왕고래밥스낵,5428DEEB2F4B4F28A114CD3AED50E11E',
초코)신짱초코비,4543112881205',
해태)후렌치파이딸기,8801019307133',
크라운)화이트하임142g,8801111186247',
오리온)다이제,A7A8ED01F05C4DF8B482594980AA75EB',
롯데)롯데샌드깜뜨105g,37603F61B8AB4B4A9443CA549248A93C',
로아카)바닐라웨하스125g,8000380005949',
오리온)후레쉬베리2P,8801117545512',
오리온)꼬북칩스윗시나몬,BDF0FF92A1E9420B97122294F8B2245B',
농심)인기스낵4번들,EA85615B07A446F286277604C0E089A2',
농심)포테토칩60g,8801043005814',
HEYROO초코콘75g,DEBF520B0A5B466BA0A68701368EDC95',
HEYROO계란과자1200,6AADD23211E94F56825D2830CD66467B',
크라운)못말리는신짱,8801111185066',
로아카)바닐라웨하스,B866E774231444518981F141BD2B9FCD',
크라운)참크래커,8801111186582',
크라운)뽀로로친구들치즈,D22AB50FAF864BFE86B34243CD97FC67',
해태)포키극세카페라떼,8801019312472',
이멕스)베니비스켓,2A1B5C0A771040A3BDA8C20FE550D403',
크라운)산도딸기,8801111917421',
로아카)라즈베리요거트,E9D1036EC37B42ABB18DA42767670284',
오리온)포카칩어니언137g,F40DFA39DBE34C91AB642F2DA239372C',
오리온)무뚝뚝감자칩,6D3EDB9FD9624CF5BB6EB7767505BB0F',
크라운)츄러스84g,FDEE4127FC214065B612178F4694798F',
해태)구운양파,8801019603723',
오리온)초코파이2P,623D11BDFD494EC094C771197B9E62EA',
해태)포키,8801019309823',
로아카)에스프레소110g,8000380147144',
오리온)예감치즈그라탕80g,7A75AF5C06864FD18C6FC5009E1CBDEB',
동서)오레오씬즈바닐라,8801037091113',
동서)오레오씬즈티라미수,8801037091106',
농심)감자깡75g,F9D77E7FD93D46D6AD82AACBECE3A369',
롯데)꼬깔콘새우마요맛,40D40F58BFEF47A9B5764C5CA79EADF6',
크라운)카라멜콘땅콩56g,8801111180986',
동서)리츠크래커80g,8801037091519',
해태)포키녹차44g,8801019311673',
오리온)초코파이,F23EC1EEE2DE48A995B6C29131D38262',
해태)빠삭한새우칩,45A7AE8FFDAE46D5A9B1170224CF4804',
해태)허니통통65g,A968EEC27090444F823A59926223830E',
해태)아이비,344B664904D54292926DE7E1A622D20E',
해광)프레첼갈릭버터,9E7AEEDB62C14E56ACE69EA2917AA9EA',
해태)포키블루베리,8801019311345',
삼립)초코하트패스츄리,8B1138368229449BB35DAEF034D4D0D6',
삼립)에그카스테라,512402891A644A79B0D54DDF9D77C0E5',
참조은)스트로베리모찌,82E63319EC744638B4C7CD57C05DFD9B',
참조은)그린티크림모찌,B03F97EA612248D58903664DA91A241B',
아워홈)버터우유식빵2입,A18DFEE5EBB941ACA519C3EEE2E26752',
푸드냉장)우유크림빅슈,1AC71DA04BA74B00A1FF12F71AC55284',
푸드냉장)크림가득메론빵,059697C444804ACF905011ECEF752DD2',
푸드)뉴땅콩샌드,1614D97D6F6A4F4D917FA5280CEE61E1',
푸드)뜯어먹는밤빵,FD00494DC4194E63825D35F883966E60',
푸드)뉴혼당패스트리,781347187D7245709C6C5236C3CD1A36',
푸드)초코반달케이크,410FC0378FA14CFAAE0A499A64427317',
푸드)카스타드듬뿍빵,ABE0FC6DD0D54BC0AB48E381104ECB35',
푸드)초코크림크런치,BAE5400689AD4D8DB896F58B3D911C5A',
푸드)단팥듬뿍빵,46B61D9D2D5A463BA25CC7F02AC45276',
돌)망고컵198g,47CD50A02D9F4415BCF35ADDF98D664E',
돌)복숭아피치컵198g,8956A2E15AFC4ED5B433A5A463002993',
뚜또)후르츠믹스250g,0B1F658B8CAF473AAE187F2F03856F5F',
뚜또)코코딸기250g,8809064498431',
뚜또)밀감250g,61B0F60890044997940F9FA57DF695CE',
롯데)슈크림패스츄리,F6A6504A128B44A4A7244314EEF084D6',
롯데)미니딸기샌드,8809019593983',
롯데)미니땅콩샌드,E925990FD8844D1291A2340FF1B54BA9',
삼립)콜드브루롤케익,F69818119E7745F29CE23AF49C6D4963',
삼립)빅스위트데니쉬,8736C51679E7473CA6A375E7066595A3',
삼립)소프트밀크파운드,8BDD111D416F42C78062B05ED7062BC1',
삼립)주종카스타드단팥빵,90EF887409AD4D3E9E6603406ACB58EC',
삼립)주종단팥크림빵,778BFEC8519A42B88FC7DA62CF8B2C82',
삼립)한아름밤만쥬,95334D4318C94BDAB470A00462CD362F',
삼립)우유식빵,3C2D15B7F1874021A5FD765C34F94581',
삼립)촉촉밀크후레쉬팡,8801068086232',
삼립)촉촉치즈후레쉬팡,8801068086225',
삼립)신선꿀호떡,8801068086195',
삼립)정통크림빵,8801068086003',
삼립)정통보름달,4E5E87F645794928BAEF5645E8BCF976',
삼립)허니카스테라,381A4BDED515451DADFD3D85B862BF74',
삼립)미니약과,CF6AC64478DA4225BE6AFFC1B7D17C8E',
롯데)롱패스츄리,AEF8D00CBC4C4BD2A83BA414711F5215',
CJ)쁘띠첼뉴욕치즈푸딩,BE27BB2A1A4047A5B3566275B7744912',
CJ)쁘띠첼크림쇼콜라푸딩,88D784125AD549FD9C3F2B61B9C54C25',
CJ)워터젤리복숭아170ML,8801007415451',
CJ)워터젤리사과170ML,8801007415437',
CJ)워터젤리자몽170ML,F995152635364F589B57EC065B68742F',
CJ)쁘띠첼생크림푸딩,1B628C65383245D8A3261FF60B37C772',
CJ)쁘띠첼복숭아90g,58859BF59CA64F9E9C76F1D7C6FA1A2E',
CJ)쁘띠첼포도90g,903DC46D307A4717A8049CF815C2A39C',
로투스)초코와플,E3EEF9EA88EE40219762DCC2944A21CA',
로투스)오리지널와플,C549AD5A3D6E4C0EB09BB5CCFED4642A',
마즈)엠앤엠즈피넛미니,F2BA6EB4FC134FE3886C51B2370A2DAE',
일신)쥬시드랍구미,D3B975AE119E46AA9C0D61FFBC7541E9',
해태)1+1기획용기껌,0251A67B1A6E449489B8A337C6E1E27E',
크라운)포켓몬몬스터볼,C47C4ABEA6FD4CC2B6FBA791D5A647E0',
해태)시크릿프렌즈쿠키런,81DA4C4F835A4983BFFEC8FA68EF9197',
타라미)곤약젤리청포도,0D45061151F3402F91371B87AD215405',
타라미)곤약젤리사과,ADFE3B97BFC2426086932678E66C638E',
오리온)왕꿈틀이1000,126E93B59CB04CBC8F2EE48E5E929DCC',
롯데)죠스바젤리,8801062002542',
타라미)곤약젤리복숭아,48463420D5314FDC95FA733F6B0A2DC5',
오리온)마이구미포도1000,8801117339708',
미성)티롤모찌초코녹차,483463FFFA8647BDAB97CDBDA41703EE',
크라운)키커초콜릿미니,8801111923071',
롯데)리세스피세스40g,E8210276E53640E2895291FCFCE52492',
트롤리)스파게티딸기젤리,4000512776635',
로아커)화이트초콜릿50g,46F7BAB8C7FC406880C8FA9110C01ECF',
원피스)악마열매이글이글,F5006648572F40A6B08565DD790F48FB',
모리)다스맛차초콜릿,1271EAAF47D9485DA2FD9787CEA31440',
모리)다스딸기밀크초콜릿,B3D545F279064B3BB08F96C96EABED4F',
롯데)뉴쫀쪼니콜라,8801062335336',
롯데)뉴쫀쪼니청포도,9DBC258237CE452786C6F08BE823F51A',
예스)트롤리피자젤리12g,2B125EF010CE47A5A1B145A1C9A5AAB9',
크라운)미니쉘아몬드24g,8801111923361',
로아커)밀크초콜릿55g,F413B48661104CFD8962196A5D4A7905',
로아커)다크노아초콜릿50g,0000080001089',
마즈)엠앤엠크리스피초코,7DFE19D42FFB48DA8C325390C50E1552',
네슬레)킷캣초콜릿다크,8809415431964',
오리온)더자일리톨용기껌,11B5DDA8E66B43FEBD927F4B120A78A9',
매일)킨더초콜릿맥시,81EFBF5C8DD54B1CB585D8545CB77241',
삼립)카카오프렌즈제리뽀,51767AD74B864347941D00A3329A08DF',
오리온)와우콜라풍선껌,0DAF5A0B5AB84E76AD0C5AEB7BF67B5D',
매일)페레로로쉐5구,0000080135906',
대영)졸음뚝용기껌,5687D136705E4AF09259F308E621BDF3',
농심)츄파춥스게코젤리,6925425474653',
롯데)키세스쿠앤크82g,CC581985C46B4CC4BB6C0A922157EAD6',
롯데)목캔디믹스베리,8801062331772',
롯데)목캔디허브,8801062331673',
롯데)밀크카라멜50g,8F6EA6FFAF194872920C429AD12E4A37',
롯데)크런키웨하스바,633EDEAE803F4A239EA4F330488CBFE8',
롯데)ID자일리톨화이트껌,D0F30E1C2F3340CE9D4DF50AD667415A',
하리보트로피프룻100g,AE821D0D837F4396837EE501C78A960B',
롯데)키세스쿠앤크52g,B2978DCC405046DF9CC9EDD416E50736',
롯데)키세스아몬드52g,E89953B4981C4A70A10C26B547DCF2FB',
롯데)키세스밀크52g,46F43F59E16749F6AFE7ABF1F8208200',
롯데)드림카카오72%,DC2203F2A2CE4A0385986864C064E8DC',
쇼콜)로셰토웨이퍼밀크,B1EC0507930D42629860C37652CCD9DB',
쇼콜)로셰토웨이퍼다크,73BDAA1AC9AE4C819EB09B5E75B87C8B',
CJ)워터젤리포도170ml,8801007415376',
마즈)엠앤엠즈픽앤믹스,0000088017907',
네슬레)프루팁스젤리,B53F0D0B16424003BF5B5274898BEF17',
매일)후룻바이더풋젤리,9C807B442AE947E299E4D486F527C4A6',
오리온)젤리밥,367FAC30DDC3455B849AB2445FE1F9A3',
롯데)허쉬쿠앤크초콜릿,D2B329458473450A95D82CD26E4CFEEB',
오리온)미스후라보노껌,B13DBFBB31B041F190DEC1558ABB5583',
동서)홀스블루베리,2D891F638DE447AEA28580135A72349B',
하리보스타믹스100g,9BB8EDFED9104E3F9564D3E5BD5A920D',
매일)킨더초콜릿4입,0000080177609',
로얄)크런치초콜릿녹차,3D5A792413424610A383BD7D847006E9',
하리보프루티부시100g,D0041CA3394D48BFB6B563A532D0DC6B',
매일)킨더초콜릿조이걸,E12C5CCC9C4A479F9FCC45A7341FD4D5',
매일)킨더초콜릿조이보이,A0E66108B6E344F2BE0090BBC1704E85',
크라운)새콤달콤포도,D98B2038B55F4593B487CCFEBBF7799A',
롯데)왓따딸바쉐이크풍선껌,925CEDDBD0F345D09EB888425F5EE65E',
롯데)크런키더블크런치바,691637A386EB4DB9831CD008508DE2B1',
롯데)크런치더블크런치바,6EC619E9F4BB41BC81B8A734DE510236',
마즈)스니커즈땅콩,145D3EC2E051476A896A5F53C9F34255',
마즈)트윅스쿠키,0000093682350',
오리온)비틀즈캔디,431B7DBD2ED94AE7AC24E90700384B1F',
하리보해피콜라100g,32160E3182184A2080C0E71160AF3E00',
롯데)후라보노레이디,8801062323173',
롯데)후라보노오리지널,8801062323159',
해태)아카시아껌,F65CDD52AAF948BEA659872662EBBFF4',
해태)은단껌,1798B6BD6E764483A87D8E036ECC8BD2',
마즈)스니커즈픽앤믹스,F9513F6FDFAF45078D2A0D05261A2776',
동서)홀스레몬맛,47E3243B328D4A9FBC5DAAE33919E28E',
롯데)가나마일드초콜릿70g,8801062636822',
롯데)가나밀크초콜릿,8801062636846',
하리보골드바렌100g,4001686301555',
마즈)도브헤이즐넛초콜릿,6294001812210',
롯데)허쉬아몬드초콜릿,0000000342410',
롯데)가나초코바아몬드,8801062278053',
롯데)허쉬쿠앤크초콜릿,0003400023934',
롯데)리세스넛바,E9374B6123B64C94807CBFD0AF92CF31',
오리온)통아몬드캔디,090AC94654444B52B7D9DBC7A127054A',
오리온)원조후라보노껌,338EEEF24AC74EB8A3D6ABE9F7F26262',
크라운)마이쮸포도,6F8A3BDCA45844DA968141BFB7824E7C',
크라운)마이쮸복숭아,2C644342724B4DA0880FA2C75982F98E',
크라운)마이쮸사과,8801111187916',
크라운)마이쮸딸기,8801111187879',
일신)베이비팝캔디,1B6EC7EBFBCC463E86ECDF6FE5C48F39',
마즈)땅콩스니커즈,0000093682091',
오리온)와우소다풍선껌,4967127225814569925D0B01063F6751',
네슬레)킷캣4핑거초콜릿,0000050426416',
네슬레)킷캣청키초콜릿,3C2BC17F137049A1A08D46835269C8E4',
롯데)아이스브레이커베리,8801062334100',
롯데)아이스브레이커메론,8801062334124',
롯데)롤리팝아이스,1D95DABBE39A424BAB75BEE35187DDE1',
농심)멘토스포도맛,8990800000992',
동서)토블론밀크초콜릿35g,1D8E518A090E40779EB30984FE50FB2B',
일신)리콜라허브레몬,7610700607046',
롯데)왓따콜라풍선껌,8799E2A73FDE4B348C72DE10E2C28405',
오리온)젤리데이복숭아,999F7C7435F143989915F041F60E4692',
예스)마카다미아초콜릿,4902777237930',
크라운)새콤달콤레모네이드,8801111907934',
롯데)왓따복숭아풍선껌,3CA0F95FAD3042D08F98FAAE6AA6FB0B',
마즈)엠앤엠피넛초콜릿,6914973603202',
마즈)엠앤엠밀크초콜릿,6914973603189',
해태)연양갱,8801019005909',
아이스크림,-,
하겐)컵케익,8809276201140',
에버)초당순두부아이스,8809490180306',
롯데)말랑카우딸기바,8801062885282',
롯데푸드)라베스트민트콘,8801118255533',
하겐)코코넛초코파인트,3415587136719',
삼우)딸기우유콘,8809194495430',
빙그레)끼리크림치즈콘,8801104665957',
롯데푸드)라베스트치즈콘,8801118255373',
초이스)대만흑당버블바,4710131190018',
나뚜루)바닐라콘,8801062888672',
유니)매그넘아몬드100ml,8712100837890',
유니)매그넘클래식110ml,8712100836169',
롯데)쌀로달,8801062887163',
빙그레)투게더흑임자,8801104666084',
빙그레)비비빅찹쌀떡,8801104665933',
하겐)프랄린크림파인트,3415581153019',
롯데푸드)빵빠레고구마,8801118256028',
IEK)오레오파인트,0077567275059',
롯데)앙빠빠샌드,8801062887590',
롯데)메가톤초코,8801062887026',
해태)애플시나몬시모나,8801019515057',
하겐)크림브륄레미니컵,3415587354298',
하겐)크림브륄레파인트,3415587154294',
라벨리)리얼플레이크바,8805584111744',
HEYROO파르페리얼초코,8809194495249',
해태)단호박바,8801019515064',
하겐)마키아또파인트,3415587149290',
하겐)브라우니마끼아또바,3415587412295',
해태)흑당버블티바,8801019514975',
하겐)그린티아몬드콘,3415580703291',
동원)덴마크모카라떼바,8801206001851',
롯데)월드콘초코,8801062889747',
아이푸드)식혜아이스,8801206001844',
롯데)일품팥빙수,8801062002504',
롯데푸드)빽초코바나나콘,8801118255885',
나뚜루)피치요거트파인트,8801062891801',
해태)부라보콘수박,8801019514807',
라벨리)브라운슈가밀크티,8805584224369',
롯데푸드)빠삐코바,8801118255717',
롯데)가나밀크초코바,8801062892143',
파이)대왕바닐라초코바,8809592640197',
로투스)비스코프콘,8809592640173',
하겐)초코아몬드콘,3415580702294',
하겐)바닐라카라멜콘,3415580701297',
빙그레)메로나코코넛,8801104664554',
로투스)비스코프바,8807203001573',
롯데)와수박,8801062891467',
빙그레)부드러운빵또아,8801104307048',
빙그레)떡붕어싸만코,8801104306928',
파이)브라우니빙수,8809592640180',
해태)쌍쌍바피치베리,8801019514777',
빙그레)엑설런트,8801104163057',
롯데)가나비얀코오렌지,8801062893263',
삼우)초코모찌바,8809194491142',
롯데)말랑카우소프트콘,8801062894192',
HEYROO아이스께끼오렌지,8809194491111',
HEYROO아이스께끼파인,8809194491135',
나뚜루)녹차스트롱파인트,8801062895182',
하겐)키위요거트파인트,3415587157295',
롯데푸드)빵빠레바나나,8801118255700',
아이푸드)검은깨라떼바,8801206001677',
빙그레)캔디바,8801104123310',
허쉬)딸기초코바,8809490180184',
롯데)인투더망고바,8801062016815',
허쉬)초코민트바,8809490180153',
빙그레)슈퍼콘딸기,8801104664271',
롯데푸드)별난바,8801118255229',
동학)빅구슬아이스사과,8809072592183',
롯데푸드)아맛나콘,8801118255601',
해태)버터링콘,8801019514692',
빙그레)비비빅흑임자바,8801104664158',
해태)연양갱바,8801019514678',
빙그레)투게더,8801104142373',
나뚜루)제주녹차콘,8801062897834',
롯데)찰옥수수바,8801062894741',
나뚜루)카라멜파인트,8801062898398',
롯데)가나민트초코콘,8801062896813',
빙그레)끌레도르블루베리,8801104663175',
나뚜루)화이트샤이닝스타,8801062897810',
나뚜루)라이트업하우스,8801062897827',
롯데푸드)라베스트치즈바,8801118255168',
나뚜루)원티드쵸파케익,8801062005031',
나뚜루)스위트해피케이크,8801062473649',
롯데)스키피샌드아이스,8801062016464',
빙그레)투게더크림치즈,8801104307284',
해태)바밤바샌드,8801019511103',
해태)갈아만든배바,8801019514494',
아이푸드)망고젤라또바,8801206000441',
아이푸드)딸기젤라또바,8801206000427',
허쉬)녹차초코바,8809490180146',
나뚜루)밀크앤쿠키바,8801062898404',
하겐)티라미수모찌미니컵,3415587345296',
하겐)크림치즈모찌미니컵,3415587344299',
하겐)티라미수모찌파인트,3415587145292',
하겐)크림치즈모찌파인트,3415587144295',
해태)인절미시모나,8801019514548',
롯데푸드)국화빵인절미,8801118255489_%EB%A1%AF%EB%8D%B0%ED%91%B8%EB%93%9C)%EA%B5%AD%ED%99%94%EB%B9%B5%EC%9D%B8%EC%A0%88%EB%AF%B8',
하겐)피넛버터파인트,A36B031E7A0B4242BF62FED8CEC44779',
하겐)피치요거트파인트,B7028FCC748241399EF4F6B021236222',
롯데)스키피콘,ABA0532B9709425881EF71A4F9219373',
롯데)스키피바,C09EBBC4148D4DDE88DBF3293C50362E',
파이)인절미빙수,8809592640142',
롯데)스크류바피치,8801062016655',
롯데)빙빙우유빙수바,8801062016662',
나뚜루)트리플치즈쿠키컵,8801062013111',
롯데)라이트엔젤모카,56263F9686854D339F3B5EC937572C2A',
롯데)라이트엔젤멜론,FCCC5E887FCE4D7AAFED0313F9530AED',
삼우)우유목장소프트컵,1C87E39ADC964F6BBDDC4EB29FF3F9F7',
파이)민트초코바,E8FD4AD9B9C34A8F8291BCB8BA9C3BE7',
빙그레)메로나튜브,8801104307444',
롯데)가나초코아이스크림,54BAE1898F2944C9BDEC2D1F00CDFBC0',
롯데푸드)와삭바콘스프,9DB57D90BB0E48FBB8CF6D57752A1BCF',
빙그레)슈퍼콘초코,8801104304351',
팔도)비락식혜바,3CED35C0C4A04EF0B8BA56F978C8C4C3',
파이)텔스타축구공바,15545F1583614F59A6F85C93905FF836',
돌)스위티오바나나바,8809069308193',
하겐)쿠키앤크림바,B487BCF7B23C4D7DB8444421A10B96C2',
빙그레)슈퍼콘바닐라,8801104304375',
롯데)라이트엔젤바나나,901C72124B0E4DF591E09FDEE86AE7CA',
롯데)라이트엔젤초코,738DB9D5E2D743EFB622AB3DDFC87F2B',
하겐)마카다미아미니컵,3415581139297',
동학)빅구슬아이스수박,5468C40EFEB74D268D981326100FBCB8',
빙그레)끌레도르크림치즈,A7981BBD6C7344828C680A7ABE6FA33C',
롯데)가나비얀코,2F6761BC70D34DEEB5D60C17BE791CD9',
하겐)딸기요거트파인트,3415587122293',
동그린)쿠키엔바닐라,05B1B2A7CAB249FB94DA91746640FBC1',
동그린)쿠키엔치즈,606A8499D07C47B18ED7CE91B26669AC',
파이)베리초코바,8809592640012',
나뚜루)초코브라우니파인트,836F7E52E28A48ECBD265E92485B3C3A',
허쉬)크리스피샌드위치,657D5F05632A428193CB04E31AF0E410',
해태)부라보바바닐라,0309B2F2D2C24171A0ED9ADCF09E1D14',
파이)도넛아이스,776615FED46E4363A93DFE67D87AE0AC',
하겐)그린티모찌미니컵,E49AACDE8E6A4D50A9E9868B30D37799',
파이)그린티초코바,5A735D28A41A4ADEAF23D3E159A26F55',
해태)하이카카오바,5522F5BFEB304C859AE7C424086F8620',
하겐)프로즌요거트미니컵,3415587321290',
롯데)색다른수박바,3E9A034C3903460F9D96E6C4E6524CE5',
롯데푸드)빽다방커피하드,CE4879690FDA4A8F9B88C3C692AD70AD',
롯데푸드)빽다방초코하드,AA739CE970124E9090BA393B21CC01ED',
롯데푸드)돼지콘,8801118254048',
롯데푸드)거북알초코,9BF0359A2DEB4D31B63EE346154BEFC5',
하겐)화이트블레스케이크,4D8C55403C01485B9D73D1853F02181A',
하겐)스위트러브케이크,E01F48A7AEB94D53957502D3327B1A1B',
나뚜루)골드키위파인트,3E5640C17469463381D336A3E89544C8',
롯데)거꾸로수박바,8801062004720',
롯데)죠스아이스,E7621212B44F4AB68D863D468C9F5030',
롯데)스크류아이스,E87DAD032BE542E09CB1E7DAD64B69C3',
롯데)수박아이스,239FA7A3E24B4E31AB9743633E99A555',
허쉬)토피넛초코아이스바,0A7B344EDB1F489D82E8F70B7157B662',
롯데)메가톤바,29084E7055414F27A1387573A41F1032',
HEYROO파르페마끼아또,8809194495225',
롯데푸드)카라멜모찌콘,FCCAAA9FB2ED49F78920023A570DB36B',
파이)수박빙수,2F7D2CDDE5D84141AFD47502E1F3D3F2',
돌)아이스망고바80g,812EC1581E4A465BBC1B5B8C909F7AA3',
하겐)화이트아몬드바,5B1CAACBB8D94A6CA61A3BC861500B9A',
하겐)카라멜비스킷크림바,58BF92C3D1644619BDFD505184789D4E',
빙그레)도라에몽엔초바,97EF70F100D14675B39815A52010724A',
동학)구슬쉐이크,EE22D1B30FCB4755B36CB184590E4411',
롯데)볼레로초코치즈콘,363EDEE0FD0F4C99B26A0FF7B5CAD75E',
빙그레)끌레도르바닐라바,84A839841BDC4BC8998B7C533AB67192',
동그린)쿨러쉬제주감귤,D0179F25008443BCBC37F0EE3DA59E4C',
동그린)쿨러쉬요구르트,21324C06F89D40EE87DA50BB4640AB2D',
롯데푸드)브라우니샌드,54A6F28C8425478EBCA7E37C107B9796',
해태)빨라쪼그린티콘,52C81EC0569E4980AE930185DC6588CD',
HEYROO베리베리컵,8809194495393',
허쉬)쿠키앤크림콘,A03F4D96A4834F01950B8F0DDE689BEF',
롯데)볼레로아몬드콘,4F4E4E8D2C9A4C99A2EE264E7A63DA2E',
빙그레)그라시아쿠앤크,8801104163125',
HEYROO그린티컵,8801206000380',
HEYROO빅모나카쿠앤크,8801206000373',
롯데)칙촉샌드아이스,D3C2776EB79F48CA83FAB2F87C569C56',
HEYROO초코파이아이스녹차,8801206000366',
롯데푸드)티라미수콘,EDD7DF93E5554DBBBB20B907EA9BA208',
빙그레)끌레도르쿠키크림,2C8E884CCC5547B0A6B1A314DD1A7EF9',
하겐)쿠키앤크림파인트,5D8998FE3B78430B99641CCA0C3F3506',
HEYROO초코파이아이스샌드,8801206000342',
허쉬)쿠키앤크림아이스바,3878109AC17148AE9D68E1DE0185AECD',
HEYROO달콤한인절미아이스,03854C89F7504E7AA6C944FBD399F0F1',
허쉬)초코아이스바,8809490180108',
HEYROO티라미수컵,4F697BBC7DC54431B8B3835F26FB8756',
동그린)쿨러쉬바나나,AF6081563AC34C259683991E9C533E52',
허쉬)초코앤쿠키콘,F4B003429E8F4D9C9BBEAEEF45B868DB',
허쉬)초코슬러시아이스,08D3FE19F9554BADBB1C7DE0B462C3EB',
아이푸드)요구르트바,DEDE488E413D41A490FADE57CF5B48AD',
하겐)바닐라미니컵,3415581311297',
하겐)딸기미니컵,3415581312294',
하겐)초코미니컵,3415581533293',
하겐)그린티미니컵,3415584126294',
HEYROO파르페인절미,5C3DE122CF524D36A349562EC561BEF9',
HEYROO망고듬뿍빙수,951C9766993A437C85855914863B2CA1',
나뚜루)아포가토파인트,645A32FDCD114FC6AF849AC1F40AE763',
롯데푸드)빵빠레바닐라,8801118251306',
HEYROO더블쭈쭈바초코,E842E94698A942B390AC4DF87B52751C',
하겐)초콜릿아몬드바,3415587404290',
하겐)스트로베리크림바,3415587405297',
하겐)바닐라카라멜바,3415587403293',
하겐)마카다미아브리틀바,3415587400292',
하겐)그린티아몬드바,3415587406294',
동학)빅구슬아이스망고,225DA6B23168450C8497BB5410DEE189',
빙그레)끌레도르카라멜콘,670CC8667FC64742A5EB632BB3FA27BE',
롯데푸드)브라우니바,26B5903A7747497C93318B52D7BEC10E',
파이)프라페오렌지망고,2A8351CF3D41450E819B6D99EC0B6250',
하겐)크리스피그린티,361EAB6CB094489E9CD6E5F4321D548D',
하겐)바닐라밀크바,8860FE17F57548CFB57EA40A1F719362',
하겐)커피아몬드바,C31E5BC0A5334485BFBCB8D975B429A2',
하겐)아몬드바,02441A109F454527AF99F2F0D0433FC5',
파이)프라페카페라테,08AFCA98B56F4E0A9468E264C47E2A9B',
나뚜루)제주녹차쿠키바,A238E2C3A12C4602AC5E67E9D8B75825',
롯데푸드)거북이바,AF11B1BB3E524839A7D2945C60C1529A',
하겐)딸기치즈케이크파인트,0074570950010',
유니)매그넘클래식,6C201E629F0C48BD879F5B6086031F2A',
유니)매그넘아몬드,B6F35BA11B4D4B09AE482BB4B636B114',
하겐)커피파인트,66CE0435AC4644F0B8BA50376631151D',
하겐)바닐라파인트,B73BE447FDF04F719A34422EE09FBBA6',
하겐)마카다미아파인트,CFB72064B8A8468E9FC9E3558AF54C51',
하겐)그린티파인트,6E5DC2FA64204FA4ADC5538E85166129',
하겐)초콜릿파인트,55C78B1323174F8D99755518826526C0',
하겐)딸기파인트,3415581105292',
롯데)월드콘,8801062623471',
롯데)스크류바,10C7DE073E174EF89CF9331335EAF631',
빙그레)더위사냥액티브,8801104111553',
롯데)더블비얀코210ml,8801062623488',
롯데)설레임밀크쉐이크,6D2239F4F53E4FE798BF6BA2C5BCDE57',
나뚜루)초코화이트쿠키바,6F9AD97AA32F41F6A4453700D8A44BF8',
나뚜루)바닐라아몬드컵,C9DC150834044CD585AF7066A1C70F29',
빙그레)쿠앤크바,861953B088D94342B56F3B79F42759B1',
동학)빅구슬복숭아키위,E89AD081CC2442D5829CBF2CC4819FF0',
동학)빅구슬콜라에너지,E361893EDE434712BF344B0BC8E2141E',
롯데푸드)구구크러스터,859653B984A547718681B7EC32723725',
롯데푸드)빵빠레초코,8801118251313',
HEYROO우유팥빙수,7B10FFFD93DC49D9906FA79E5AC3EEEE',
롯데푸드)국화빵,8801118251269',
롯데)찰떡아이스,8801062435197',
돼지바,8801118250613',
생활용품,-,
CU티머니BTS랩몬,264E95E259C34AC587294DFD65581F76',
CU티머니BTS슈가,43E3BE555B43469994FD07312251D659',
CU티머니BTS제이홉,0B2CD9B94502410AA2A2C3EDDF118A8F',
모나미)3M클리어커버,1D0242FD15114FA6A29E5073A33AB9E6',
듀라셀)디럭스2A2입,8804626810003',
듀라셀)디럭스2A4입,5000394123588',
듀라셀)디럭스3A2입,5000394123557',
듀라셀)디럭스2A6+2입,8801604228287',
듀라셀)디럭스3A6+2,E2C3486DC75642E59DF4CA6F2B851AE6',
듀라셀)디럭스C2입,0041333214016',
듀라셀)디럭스D2입,0041333213019',
듀라셀)디럭스9V,0041333116013',
듀라셀)2032코인2입,41817BEC953147D09D9A1E7645124C29',
듀라셀)A76코인4입,91A4E74F7E4544549F388095CBA91FA4',
듀라셀)울트라2A2입,5000394131385',
듀라셀)울트라3A2입,5000394131392',
가디언종이반창고,8804227020795',
마데카솔연고8G,8806534050106',
바이오트루렌즈세정액,0031011903775',
밴드케어아쿠아,8809129321193',
바슈롬)뉴리뉴멀티355ml,0031011903490',
레모나D병,8806102872437',
케라시스)미니세트,25AFD968C3C348C2A501D66A6F9F9381',
위)보송케어오버나이트,4902430986861',
위)보송케어울날중18P,4902430986878',
해피바스)로즈바디워시,8806403097348',
미쟝센데미지케어에센스,8806403217098',
미쟝센)퍼펙트헤어세럼,97881E8041F544168F6B495893CF5CAB',
페리오여행세트,8801051000665',
페리오키티칫솔치약세트,8801051009101',
예지미인순한중형16P,8809104293095',
덴타시스테마치실,8806325613404',
리스테린)쿨민트250ML,599528E18C5F45A69DD3D8B9072C92CC',
메디안)치석케어치약,E325E3F44D504CA89B9F4F711597DAE9',
오랄비칫솔치약세트,8809148001571',
해피바스여성청결제,8801042379565(1)',
46cm마우스스프레이쿨민트,8801051057638',
엘라스틴모이스처린스,8801051148961',
2080)칫솔,8801046057216',
카카오)스프링머리끈N,8801489702148',
카카오)실핀N,8801489702131',
카카오)색고무줄N,8801489702124',
카카오)반짇고리N,8801489702117',
카카오)네일케어세트N,8801489702094',
카카오)족집게N,8801489702063',
공구)일반나사못2종,8809599840729',
공구)글루스틱(소),8809599840705',
공구)미니글로건,8809599840699',
공구)칼라케이블타이,8809599840712',
공구)양용드라이버,8809599840439',
공구)정밀드라이버세트,8809599840460',
카카오)옷핀세트N,8801489702223',
카카오)귀이개N,8801489702193',
카카오)미니쿠션브러쉬N,8801489702179',
카카오)접이식꼬챙이빗N,8801489702162',
카카오)머리끈N,8801489702100',
카카오)눈썹용면도칼N,8801489702087',
모나미)스테플러10호침,8803381001923',
단순생활)노트A6(50매),8805806600049',
단순생활)노트A5(50매),8805806600032',
단순생활)펜가위,8805806601152',
단순생활)미니컷터,8805806601978',
단순생활)미니컷터날세트,8805806601985',
단순생활)미니스테플러,8805806600506',
단순생활)미니수정테이프,8805806600278',
단순생활)미니계산기,8805806600254',
단순생활)접착메모지,8805806601060',
단순생활)마스킹테이프,8805806600698',
광동)위청수골드액75ml,8806002018454',
아리얼)립아이리무버패드,8809301765883',
아리얼)클렌징티슈15매,8809301761229',
니베아)남성올인원로션,4005900605528',
네슬레)묘사료캣차우(NEW),8801055714070',
쉬즈)더블코튼화장솜40매,8801489702032',
하기스)아기물티슈72매입,8801166386203',
화이트)에코슬림대형14입,8801166236331',
카렉스)성에제거제,8807424089268',
카렉스)김서림방지폼타입,8807424228841',
커머스)손난로노랑,8809329222733',
커머스)손난로검정,8809329222719',
커머스)손난로흰색,8809329222726',
플레이보이)돌기형콘돔3입,0857784002146',
플레이보이)초박형콘돔3입,0857784002108',
CJ)NEW컨디션환3입,8809422041293',
크리넥스)뉴황사마스크대,8801166130578',
하기스)뉴매직5단계3입,8801166369336',
하기스)뉴매직4단계3입,8801166369329',
시리우스)풍미모락칠면조,8801051041972',
시리우스)풍미모락연어50g,8801051041965',
크리넥)데코3겹롤티슈30입,8801166012584',
카카오)라이언에센스,8801051041286',
카카오)어피치핸드크림,8801051041262',
일리윤)기초3종키트,8809608267448',
일리윤)립앤아이리무버,8806390541718',
랭커)가정용8핀충전기,6970602101112',
비비안)초경량내복(여하),8801162990039',
비비안)초경량내복(여상),8801162990022',
비비안)초경량내복(남하),8801162990053',
비비안)초경량내복(남상),8801162990046',
조세호)신발에붙이는핫팩,8809335673512',
조세호)붙이는핫팩,8809335673475',
조세호)흔드는핫팩미니2입,8809335673499',
조세호)흔드는핫팩4입번들,8809335673536',
모나미)뉴스마트커터대,8809456180951',
비비안)9900내복(여하),8801162990060',
비비안)9900내복(남하),8801162990077',
윤동주)검정비니,8809355828206',
윤동주)스마트폰터치장갑,8809355828183',
윤동주)방한귀마개,8809355828190',
윤동주)기모아동마스크,8809355828176',
윤동주)기모성인마스크,8809355828169',
엘르)수면양말,8809540141127',
엘르)수면덧신,8806170567174',
엘르)보온덧신,8809540141110',
비비안)기모풋커버,8801162988760',
비비안)100D테리타이즈,8801162994532',
TS)기모타이즈,8803286644379',
CJ)NEW컨디션환,8809422041217',
조세호)흔드는핫팩중,8809335673451',
조세호)흔드는핫팩대,8809335673420',
BIC)할로윈라이타한정판,8809200890396',
인솔)로얄화투,8809120670375',
메디안)굿모닝커플양치SET,8809539446028',
오카)003초박형콘돔3입,4547691676733',
오카)003알로에콘돔3입,4547691695215',
오카)002초박형콘돔3입,4547691729217',
메디안)힐링치약칫솔세트,8809643045445',
디펜덱스)향균핸드워시,8801051034950',
페넬)70D타이즈1+1,8809190085659',
페넬)80D타이즈1+1,8809190085666',
페넬)학생용타이즈1+1,8809190081576',
어린이부루펜시럽,8806439009131',
TS)세미압박타이즈,8803286564233',
비비안)보온타이즈50D,8801162643775',
비비안)판타롱삭스80D,8801162988692',
비비안)팬츠삭스80D,8801162988708',
닥브)오가닉립밤베이비,0018787920060',
닥브)오가닉립밤레몬,0018787920039',
블링피치)메가립밤,8801051042313',
카카오)라이언키링립밤,8801051040562',
카카오)어피치키링립밤,8801051040555',
카카오)라이언비타민립밤,8801051040531',
카카오)어피치틴티드립밤,8801051040524',
카카오)무지틴티드립밤,8801051040548',
니베아)립크레용레드,4005900600899',
니베아)립크레용코랄,4005900600882',
니베아)망고립케어,4005900596468',
니베아)스트로베리립케어,4005808372881',
니베아)모이스춰립케어,4005808517572',
니베아)포맨액티브립케어,4005808373000',
크리오)옴팡이캐릭터밴드,8802260004246',
유한)비포,8806631000110',
팽커)고속충전어댑터,6970602101075',
랭커)가정용5핀충전기,6970602101105',
팽커)무소음무선마우스,6970602101099',
좋은)유기농입는오버3입,8801166235815',
세나개)칭찬간식황태,8809297977444',
세나개)칭찬간식연어,8809297977437',
세나개)칭찬스틱소고기,8809297977420',
세나개)어려지개덴탈바,8809297977413',
세나개)스트레스덴탈바,8809297977406',
고부해)사냥간식붉은귀리,8809297977390',
고부해)사냥간식단호박,8809297977383',
고부해)사냥간식연어,8809297977376',
하울고)크런치바토이,8809511142436',
하울고)아이스콘토이,8809511142443',
오랄비)크로스액션칫솔,3014260781033',
엘지)자연퐁솔잎490ml,8801051232288',
하이패스)선불일반카드,8809478460055',
하이패스)자동충전카드,8809478460000',
하울고)애견소고기너겟,8809511142429',
하울고)애견덴탈브러쉬,8809511142412',
깨끗한)미키물티슈10매,8801260609802',
플레시아)천연녹차칫솔,8809608288825',
하기스)물놀이팬티4단계,8801166368452',
팽커)고속무선충전기,6970602101082',
타이레놀주니어160mg,8806469007145',
어린이타이레놀현탁액,8806469005646',
카카오)콤팩트여행세트,8801051319736',
홈스타)제습혁명,8801051376937',
동원)비타스틱메가우먼스,8801047508816',
동원)비타스틱메가맨,8801047508809',
마그)해보삼,8809574510036',
2080)팬톤치약칫솔세트,8801046329320',
랭커)3in1충전케이블,6970602101068',
랭커)CtoC케이블,6970602101051',
BIC)라이터CR한정판,8809200890167',
해피바스)미셀라클렌징폼,8809585090015',
리엔)크림염색제흑갈색,8801051385410',
샤프란)스타일러탈취제,8801051262995',
신비아파트카드(퇴마전설),8809547511701',
해피바니)자동버블건,8809495826742',
에너자이저)보조배터리1만,0842982101289',
비비안)쿨반팔티검정,8801162918040',
비비안)면반팔티흰색,8801162918057',
비비안)쿨토시고급,8801162746643',
비비안)쿨토시검정,8801162746636',
비비안)쿨토시흰색,8801162746629',
홈키파)마이키파100ml,8809401603504',
홈키파)모기향10매,8809004774038',
홈매트)매트리필30매,8809004774069',
홈매트)매트훈증기,8809004771501',
홈매트)리퀴드리필,8809401602422',
홈매트)리퀴드훈증기,8809401602347',
홈키파)수성에어졸2입,8809004770627',
홈키파)오렌지에어졸330ml,8809004770221',
홈키파)수성에어졸500ml,8809004770566',
고미토미)휴대용선풍기,8809609800873',
블루스톰)미니선풍기,8806388914319',
LOL)비누방울스탬프펜,8802035125527',
핑크퐁)스틱버블,8809058640853',
핑크퐁)자동버블건,8809406732872',
미팩토리)닦고자키트5매,8809510680687',
3M)휴대용손소독제60ml,8806080033691',
아이리버)블루투스이어폰,8809329228094',
랭커)차량용듀얼충전기,6970602101037',
에버그린)방역마스크KF99,0023324837114',
먼지몬지)황사마스크10매,8809449730538',
HEYROO)부직포쇼핑백(중),8809484708073',
화영)부직포쇼핑백(대),8809484708035',
존슨즈)베이비화이트로션N,8801108000297',
니베아)프로텍트선로션,4005808516582',
니베아)드라이롤온데오,4005808725212',
니베아)드라이스프레데오,4005808512829',
니베아)화이트스프레데오,4005808512836',
파마)밸브황사마스크흰색,8809545400861',
파마)밸브황사마스크블랙,8809545400878',
카카오)내츄럴선스틱,8801051030884',
카카오)내츄럴선크림,8801051031126',
온더바디)와이드선스틱,8801051018547',
온더바디)원샷썬킬선크림,8801051018554',
크리넥)황사블랙마스크3P,8801166139731',
엠치)안티파흐멜린,4630017310296',
애경)항균트리오1kg,8801046979495',
HEYROO)종이쇼핑백(중),8809484708066',
화영)종이쇼핑백(소),8809484708042',
포켓몬카드(태그볼트),8809286670783',
신비아파트합체딱지,8809250763589',
핑크퐁)어린이치약75G,8801051066746',
핑크퐁)어린이칫솔1입,8801051003796',
정관장)밸런스핏,8809535596611',
해외)옵티프리렌즈액120ml,0300653145487',
깨끗한)각티슈280매*3입,8801260204137',
플루)베리믹스바디스크럽,8809237074691',
질레트)퓨전면도기1UP,7702018914586',
BTS투명티머니정국,8809148589192',
BTS투명티머니진,8809148589222',
BTS투명티머니지민,8809148589215',
BTS투명티머니제이홉,8809148589208',
BTS투명티머니슈가,8809148589185',
BTS투명티머니뷔,8809148589178',
BTS투명티머니RM,8809148589161',
CJ)컨디션환,8809422041002',
닥터원더)원더패치36매,8809559592217',
닥터원더)악어발팩,8809411183263',
포유)군대터보라이타,8809304350086',
퓨전)매뉴얼면도기,7702018881185',
퓨전)매뉴얼면도날,7702018881215',
뉴마하3)면도기1up,4902430540872',
마하3)면도날,0004740017934',
프로글라이드뉴실버면도기,4902430710787',
프로글라이드)면도날,7702018977819',
유한)펑크린1L,8806006510633',
카카오)스페셜키트립밤,8801051030723',
나무)연예인블랙마스크,8809355827766',
먼지몬지)위생마스크5입,8809449730460',
바나실)면마스크검정색,8809471231270',
바나실)면마스크흰색,8809471231287',
미팩토리)황금돼지코팩,8809510681615',
카카오)클렌징티슈2입,8801489701943',
에어워셔)블랙황사마스크,8801051029093',
포유)월드터보라이타,8809347878929',
폰즈)립앤아이리무버,8801619044216',
바세린)오리지널멀티밤,8901030203473',
바이)이경제술타민,8809558020377',
히든랩)여행용화장품,8809458846213',
BIC)프랑스라이터,8809200903089',
모찌모찌)시바바디핫팩,8809442485787',
모찌모찌)시바얼굴핫팩,8809442485725',
그라펜)해수스프레이,8809460441369',
그라펜)헤어파우더픽서,8809460447286',
포켓몬카드(버스트임팩트),8809286670745',
리얼테크닉스)미라클퍼프,0079625017748',
하울고)수제간식황태,8809511141255',
일리윤)아토집중크림,8806390500050',
코엘)가정용충전아답터,8809182006358',
씨앤)아이리버블랙,8809329229589',
씨앤)아이리버화이트,8809329229572',
바나실)소니이어폰화이트,4905524731668',
모나미)제브라3색볼펜,4901681321636',
오카)003초박형콘돔3입,4547691676733',
스위트몬)담요,8809355827681',
리스테린)쿨민트마일드100,8801108000273',
오블리)양고기치즈버거,8809262913453',
3M)물청소포25매,8806080052746',
3M)막대걸레,8806080033165',
비비안)여성내복하의95,8801162836481',
비비안)여성내복하의90,8801162836498',
비비안)여성내복상의90,8801162836474',
비비안)여성내복상의95,8801162836467',
비비안)남성내복하의105,8801162836528',
비비안)남성내복하의100,8801162836535',
비비안)남성내복상의105,8801162836504',
비비안)남성내복상의100,8801162836511',
갸스비)스타일링왁스하드,8992222055130',
갸스비)스타일링왁스매트,8992222055161',
일리윤)세라마이드로션,8806390500043',
휴럼)노니스틱,8809425102830',
티머니)SML빅몬,8809148588980',
티머니)SML옐로우몬,8809148588973',
티머니)SML레드몬,8809148588966',
하트뿜뿜풍선5입,8809471231072',
부명)하드치킨육포,8809090432720',
부명)소프트치킨육포,8809090430689',
마즈)시저쇠고기닭고기,8804973300035',
마즈)시저쇠고기,8804973300028',
스위트몬)스마트폰장갑,8809355827674',
스위트몬)기모성인마스크,8809355827643',
스위트몬)기모아동마스크,8809355827650',
깨끗한)촉앤감롤티슈24롤,8801260113033',
미래)보습각티슈230*3입,8809180743026',
프레시팝)모히또샴푸500ML,8809390517355',
디펜드)패드형프리특대9입,8801166250313',
디펜드)안심언더웨어중9입,8801166259378',
디펜드)안심언더웨어대8입,8801166259392',
크리넥)카카오마이비데,8801166053532',
니베아)라즈베리애플팝볼,4005900521170',
휴럼)깔라만시스틱,8809425101673',
3M)항균3중수세미,8801230101527',
모나미)스테플러침33호,8803382000017',
모나미)포스트잇노랑소,8801230160067',
모나미)포스트잇노랑대,8801230160050',
모나미)스카치매직테이프,8801230160173',
말표)구두약흑색,8801549100112',
모나미)투명폼양면테이프,8806080003229',
비비안)슬림기모타이즈,8801162833602_%EB%B9%84%EB%B9%84%EC%95%88)%EC%8A%AC%EB%A6%BC%EA%B8%B0%EB%AA%A8%ED%83%80%EC%9D%B4%EC%A6%88',
비비안)앵클타이즈,8801162833596_%EB%B9%84%EB%B9%84%EC%95%88)%EC%95%B5%ED%81%B4%ED%83%80%EC%9D%B4%EC%A6%88',
립아이스)레몬립밤,8809020342211_%EB%A6%BD%EC%95%84%EC%9D%B4%EC%8A%A4)%EB%A0%88%EB%AA%AC%EB%A6%BD%EB%B0%A4',
립아이스)스트로베리립밤,8809020342419_%EB%A6%BD%EC%95%84%EC%9D%B4%EC%8A%A4)%EC%8A%A4%ED%8A%B8%EB%A1%9C%EB%B2%A0%EB%A6%AC%EB%A6%BD%EB%B0%A4',
페코짱)물방울틴트카라멜,8806334380007_%ED%8E%98%EC%BD%94%EC%A7%B1)%EB%AC%BC%EB%B0%A9%EC%9A%B8%ED%8B%B4%ED%8A%B8%EC%B9%B4%EB%9D%BC%EB%A9%9C',
페코짱)물방울틴트체리콕,8806334379995_%ED%8E%98%EC%BD%94%EC%A7%B1)%EB%AC%BC%EB%B0%A9%EC%9A%B8%ED%8B%B4%ED%8A%B8%EC%B2%B4%EB%A6%AC%EC%BD%95',
카카오)대왕보습립밤,8801051026887',
온더바디)리커버리립밤,8801051366952_%EC%98%A8%EB%8D%94%EB%B0%94%EB%94%94)%EB%A6%AC%EC%BB%A4%EB%B2%84%EB%A6%AC%EB%A6%BD%EB%B0%A4',
온더바디)아보카도립밤,8801051025644_%EC%98%A8%EB%8D%94%EB%B0%94%EB%94%94)%EC%95%84%EB%B3%B4%EC%B9%B4%EB%93%9C%EB%A6%BD%EB%B0%A4',
크리오)아쿠아방수밴드,C4DFB4FD37CC43EBAE9FF58F378EA20F',
하울고)캣토이연어스테끼,8809511141231',
하울고)캣토이연어반마리,8809511141248',
TS)고탄력팬티스타킹살구,95A3647AD1464B04A5F346474C2BC924',
페리오)컬러온칫솔,93490F66E7E7472CB00D511377ECCCAC',
삼양사)상쾌환3입기획팩,8801013770155',
유희왕카드(사이버네틱),EEF9283C5A574C43BF7647C5DFBDC254',
온더바디)레몬클렌징폼,A211004E55894E63899A4B9F075BCA0C',
테라)마이크로SD카드16G,F7D7EF2BD25649439067C5B07DD99D64',
2080)자일리톨양치세트,CA34E3CCC261492A9A728A2E5C097C38',
2080)자일리톨치약,8C61AD5DFD864428920BF3F54B5A7199',
해외)옵티프리렌즈액355ml,69386A88E7C64F91927F7B3783968236',
테크)이어셋화이트,6970602100917',
테크)이어셋블랙,6970602100948',
CJ헬로)LTE유심,5174157CAE4F40BFA8BEEB8D2B8BE777',
씨앤)M블루투스이어폰블랙,E07F2EE19A1D4777A2B2210A8AFF3D15',
갸스비)매트스프레이200ml,20A772F9CD884BE8A04238028E246DE5',
광동)쌍화보감,4E45CE0A7BF7473E95065C3AD44ABB3E',
바슈롬)바이오트루여행용,8809291670150',
메디안)굿모닝칫솔,A2B98D86E0C44486996D0E4C521F42B2',
루트비)녹십자굿체크임신,247914B88F9749A89071741096F886DA',
갸스비)슈퍼헤어젤200g,4902806583779',
갸스비)헤어스프레이180g,4902806582888',
화인)고급돗자리,FCC365E5EFCE49529511B96D21201CC8',
워너원)3단우산,ED3F218F86FB4A769FE6991A6A54F749',
묘간식)차오츄르참치,613AFEA1F4644FA68CC6664B7F3FCDD6',
묘간식)차오츄르가다랑어,E9600BB635FF4C14821C3BDED93E4EC9',
비닐)투명우산55,9D0C4C444FBC43599C37C6B47A85A86B',
이젠)부직포쇼핑백(대),BBAB62B9F0C043D8AE835104EB237E57',
이젠)부직포쇼핑백(소),3FAF50960D404AAEA52C87525E8C5133',
헤이루)부직포쇼핑백(중),8809599190039',
비비안)여성캐미솔,69B85820797F4B3396AA34507F64946A',
비비안)남성면런닝,3CAE0182B92A4FE4A2B263C99E7BE368',
비비안)남성드로즈105,D7AF9BAFE0C54DB494FD141142D75093',
비비안)남성드로즈100,DED26FFCE8CE453BB0C595970D9D5BBC',
비비안)여성헴팬티95,911C22E3A0AD409D9002A6B67602CE74',
비비안)여성헴팬티90,65C3603BBC8140EDB1BB5C76B273FF48',
하기스)물놀이팬티5단계,8801166359993',
하기스)물놀이팬티5단계남,492B07C8B0944598A37F7588896B3C0D',
크리넥스)캡형물티슈60매,9C0D45E16E144ECB9904213024CF9374',
깨끗한)물티슈30매*3입,F78C326F0E7A4E9E822A1B1E3294F143',
워너원)LED선풍기(화이트),F68732C7CB9143C08C0F6F05831DAD9D',
워너원)LED선풍기(블랙),68FE4100F6A44A519267885FEFA204E4',
워너원)단체티머니화이트,4A99136A43C3493CBC0EE984E3395F49',
워너원)단체티머니베이지,7859C3C692864414A951CB93147A3248',
랭커)멀티탭6구형,44BCA95ADF5A4524835655F4874A0F0B',
BT21)RJ티머니,6EDFC121C8A2493BBDD9F724DA18EA63',
BT21)SHOOKY티머니,3E73A54463E94022BF79909B8D44CCF5',
BT21)CHIMMY티머니,285EDF8D6547431C9F656C21A206264D',
BT21)COOKY티머니,411FFF9E973F412AA3DB88A2653B77B5',
BT21)VAN티머니,F011AD40F3F148B2BE16BDFF27955AF6',
BT21)KOYA티머니,40245D55E821480887C85DE3BFE97DD2',
BT21)TATA티머니,335C848574494103A162F9C390FC2937',
BT21)MANG티머니,8065573ED7D24555A82CE4D495F488C4',
하기스)매직4단계3입,A08EC68CEE3044E0B22393156A8CB6BB',
하기스)매직5단계3입,3CEDA5F75E864520967125D614C118E4',
좋은)오가닉수퍼롱오버8입,8801166232753',
바디)내몸에순한면중4입,B678105A71C242ECA7EC8514A9C58D04',
화인)일회용접시소10P,C4CAEC76371B499EA88FE9113E5CB331',
모나리자)휴대용티슈60매,14F1C810997C401D8E837FBF50648156',
깨끗한)2겹롤티슈30매,E346C703CB6C465A8836BF316A94AED7',
깨끗한)각티슈280매,C9337A5925B64505A0F257EA11581F1F',
질레트)블루3일회용면도기,A8D273E41723476D8B13CD7F924FA664',
랭커)가정용듀얼충전기,A8CCDB36052A469EA5C5AD6032E16FEB',
가그린)라임100ml,23BC1FDDEDD346DBB4A9FDDDBE049113',
TS)베이직풋커버,C85C91893BFA48BBA08A91DD0D43BAED',
비비안)프리컷하이풋커버,78461CE1D6314BEBBD1B73973995AE27',
페넬로페)초특가앵클삭스,3ED32BC569DE4CCBA0FEB7E59F7B5559',
순수한면)제로순면중16입,886B3DA7F44D4D028C260C4DFDA3B6ED',
순수한면)제로순면대14입,AA19323E21B74648AB131A09F30AC7E6',
안셀)스킨엘리트콘돔(초박,5D4327F2071F43419BC6AE00554197DA',
크리넥스)숲속롤티슈8롤,DD6A7CCA80724241B98CD6B9070A9330',
오드오랄)로즈핑크치약,8806325621287',
오드오랄)로즈핑크칫솔,8806325621317',
좋은)순면롱라이너18입,56524BFC86034C649E5F0836FD5E8435',
좋은)순면울날중4입,8801166232227',
라네이처)울날중12입,519893D96CE04985BD7A64F0F4DC6209',
라네이처)울날대10입,9B96B8DABAF2466BB0C06793E65A67D1',
화이트)프레시울날중18입,682C7A12011A41A3AA2FBF725BB18856',
깨끗한)3겹롤티슈24입,D05D935907274799A41B1D48A3D433B7',
전자담배)알코올청소스틱,650B7F7CBA974301B4C429671303D93A',
필립스)2관형광등55W,346CA20E7D4A4935B3157A460814A35B',
액시아)다목적접착제,B5C651B1C8EC41AE81DB6B473965BAC8',
SNP)UV퍼펙트쿨썬크림,B7D5A88C6B6F4560BDF9D491B97121D0',
나트라케어)울트라중12입,5B32A160A2AA48A09CB491C660F333EB',
동아)멕소롱골드액75ml,09343935EA3545EDAA97E7EBDBEA3D98',
유한젠)산소표백제,09AAF508EEF840AEA639652203728035',
니베아)프로텍트데오롤온,A3759FA1BC20440B98FB9CB163A178CB',
하기스)매직여4단계3입,3A3898064C174FC7ACECC2C62B405179',
하기스)매직남4단계3입,A380D565F84741A8A810D55661E0AA90',
라인)고속무선충전기,6EA18EF2B2FF49B5885537210F3A5E22',
플레시아)피치먼트치약,A869B017412A43A0AD5C379C1C31E27C',
듀라셀)2025코인2입,BFED62B5B6F540688FB44FEE644FBA8F',
다우니)퍼퓸블랙1L,CF0AB307A66E4A44811E7C85CC3C8E8F',
페브리즈)휴대용85ml,6175ECEF3A054368A1ACF80212A53866',
HEYROO타포린쇼핑백(특대),8809599190077',
HEYROO종이쇼핑백(중),8809599190015',
미라클)종이쇼핑백(소),C85D7A6C5BB14B3C93B6ECFA3EA08B10',
메디힐)NMF마스크팩,8865D527A6534753A1E5E21DADDD97BE',
마뷰다)흑진주마스크팩,5930C3C8E21449D0A53BA4603B88C3BC',
마뷰다)제비집마스크팩,F6040136260643D5AE2B44BEA935BCCE',
카카오)어피치똥퍼프,E627B75C234947ABBD415045A3944C3C',
쉬즈)엠보화장솜70P,74568945F2A64B359C8AC9094BD34A94',
3M)테이프클리너중,6739E3D37B4740F3930668528DA64C5C',
테이팩스)청테이프,5E5F63BA0628498B9ED028D7C78FD2FB',
HEYROO충전아답타,6970602100870',
포켓몬카드(울트라썬),1B910D7298B14A74A794F03C8516A193',
포켓몬카드(울트라문),AF89E7D8B9554030B99493C5FC811CE3',
아이깨끗해)레몬핸드워시,B9FE87835B304623A773D9659F25983F',
하울고)배변봉투,8809511141187',
하울고)애견토이소세지,A9B69D2A31454F24805F1C96D474739E',
하울고)애견토이수박,FDCD8C27A2904D39907C3E66B4321B1C',
하울고)애견토이김밥,4BBF63B861144392820EB0B92E430EBE',
하울고)수제간식져키,8809511141163',
하울고)수제간식고구마칩,9B9967F3031A42DE9C83D4DBF35E75FE',
하울고)수제간식시리얼,B4E8B48EA9654F9E979268835C1D303B',
하울고)수제간식푸실리,2CCF38E314BB4E06B95DA4A8D7F14868',
빅)4색볼펜,B85435FB668943E39E47E86D5D9F9A5E',
빅)형광펜주황,D7E4231BF56B4F9AA7CE072BF582F042',
빅)형광펜노랑,3BA875E17BE948798C6C7913D8B3F0C1',
빅)파인볼펜(흑),FDBF6561BB9E404E8856BD7E460357D6',
웰킵스)황사마스크KF94소,AE9E63B601134D8EBA86A9AED06E61BE',
웰킵스)황사마스크KF94대,8809415361209',
오랄비)벨벳잇몸케어,583D7927B225497C997633C9E84CE9AD',
렝커)차량용듀얼충전기,330D695D2784400487AA924EC4752E56',
HEYROO)C타입충전케이블,6970602100863',
"HEYROO)5,8핀겸용케이블",6970602100856',
HEYROO)샤이루손난로인형,B2F33437073847A49FF28638623023E3',
CU캐시비키이로이토리,DE90FBEC0BBD40DA83E3BA28FCF49DA8',
CU캐시비코리락쿠마,1D7E6B5A8A3A4461A48AB805C12D1BF3',
CU캐시비리락쿠마,CD30937C57D54D88A45AC22604D7EED2',
랭커)C타입충전기,6970602100795',
보니미니)숯머드팩,8AC5E5CE767549138E0584F377C7B014',
보니미니)솔잎머드팩,4BEA52AD19814E38AE64A7E55F5C9D47',
보니미니)녹차머드팩,3C1EECBF7E5245EFBB509F75A3DAB18F',
손난로보조배터리5000,C04BB95E054949A59160ACE31DC42893',
포켓몬(각성의용사),35C20B7DF6A642EA95973361A5ED344C',
포켓몬(초자원의침략자),C2517DEB7C754839AA108584E38B4285',
쉬즈)검정머리끈3입,BE6F51D37DC74AC3A2C58993C0F808C7',
다슈)헤어스프레이250ml,3C51D5341F3A43118E00867DE49B8D1B',
다슈)울트라파워왁스100ml,5B9730DF39474E33BEB109CBB19CFD84',
다슈)슈퍼매트왁스100ml,CC42B3EDC7E94B88BB9965F93979EAC8',
배민)기모마스크(아동용),229B91D6190A49B5957394BE4189EBA4',
배민)기모마스크(성인용),10486F7A63B04578AD126EE27C77C351',
배민)스마트폰터치장갑,DF180DCDA46D4B47BB43DD908C51261F',
배민)접이식방한귀마개,2B821CDCFE2A4A0697C7B27D546E0ADF',
배민)무릎담요,F9452666015844CCA9228F18AECAB94E',
나무)모던마스크블랙,8E04BB92924D4185AE7694CC994B1232',
아이코스)클리닝스틱,0587F2B72B3D4AEF8EFB9347EA0E540E',
보노보노)아이워머민트3입,BD2AD617850A4C83AC74556588B64785',
그날엔)매직온찜질팩5입,97494E32F34A456DB5969CF3FBF99862',
컴배트)개미용살충제,42F2674BEB87431B8925773FD8C3ACC7',
카카오)에어퍼프어피치2입,AB0D0C53EF604D43A9F53C897E405E86',
카카오)에어퍼프라이언2입,9CDAD4576DEA47009122817C91E9CF1B',
온더)사해소금스크럽바디,8801051370799',
태웅)하루홍삼빼빼로기획,82FF04F7B46D41058B69C2DF0625EDF4',
CU티머니헤이루세로형,91507E24841648358DA8CB328558E9C1',
CU티머니헤이루가로형,8809148588607',
듀오)초박형콘돔3입,62EE4ED2610749C6903DF792B2E89F3F',
듀오)일반형콘돔3입,3691D873DB3E495D98E3590F639774FE',
듀오)돌기형콘돔3입,B9E297745BAA470285ADCE9C99199FE9',
동화)부채표미인활75ml,C3ABF12BA276464D985F84AC90953342',
동아)박카스Dcafe,CC14840DCFEE42CBB41C228BDD16601E',
액토)USB허브리더기,45D72AA7A5AC4ACBB6443A1438F1DC8E',
3M)프로그립안전장갑,2C1DABD5D71D4A7E9E420A9F12A3CC45',
TS)고탄력타이즈80D,8803286564226_TS)%EA%B3%A0%ED%83%84%EB%A0%A5%ED%83%80%EC%9D%B4%EC%A6%8880D',
페넬)1+1케시미어타이즈,8809190085147_%ED%8E%98%EB%84%AC)1+1%EC%BC%80%EC%8B%9C%EB%AF%B8%EC%96%B4%ED%83%80%EC%9D%B4%EC%A6%88',
페넬)학생용타이즈,8809190081576_%ED%8E%98%EB%84%AC)%ED%95%99%EC%83%9D%EC%9A%A9%ED%83%80%EC%9D%B4%EC%A6%88',
페넬)쿠션타이즈,BB9D24003FD84604A21EA8F53BE8D014',
비비안)보온타이즈50D,8801162643775_%EB%B9%84%EB%B9%84%EC%95%88)%EB%B3%B4%EC%98%A8%ED%83%80%EC%9D%B4%EC%A6%8850D',
비너스)테리타이즈,64F628FC96D24DD7B6364B80C41BFE5B',
카멕스)클래식튜브,5190629522514837B0033E35AF30B83E',
카멕스)클래식스틱,0083078004293',
온더바디)비타민B립밤,4CE67A2B964E40E596EEEC3C153E3C06',
온더바디)단비더마립밤,6B082D17186B466BB04BDD41A05378CE',
립스)코카콜라립밤,77DFC45E96324796BE154D37CD6DFFCE',
립스)스프라이트립밤,DADAC3776D074AEA9605D2858091A18C',
더프트)코랄립크림,83C5DB4AFEEC4893B5A31DDAC5A08CD4',
더프트)로즈립크림,AA779ECF02FA40658430A9B60E477CB6',
비비안)LL스타킹살구,A6936F870B0C4C21B1897F21A8F62DB7',
비비안)LL스타킹검정,6ABC3922A01F4B2D884191A53AED525C',
비페스타)클렌징시트,ACE37DA633F14AFC8B7F8B260F2E3813',
비페스타)휴대용클렌징,6CCA6783786D4E98953C224223CFA0A1',
플레이보이)극초박콘돔3입,8BA525D7D169461BACBE82C33012CB80',
엘르)면덧신베이지,7FF36E3AA31E411C9E0A76F9A77883A7',
엘르)면덧신그레이,4304FE27365B4CC89DC3338D3172DE07',
태웅)하루홍삼,EC2AA4B8F9B14F07A09C0DB225486FF7',
카렉스)에탄올워셔액1.8L,1A50EB8FE4244169973B44FC02342489',
좋은)오가닉슬날대14입,FE4DAAD626804780BD36B47C3F22D95F',
좋은)오가닉슬날중14입,924124A5FB3640CE84BD317ACFE9B4E2',
해피바스)씨솔트클렌징폼,99BDB7E4F12049AB910824AB6026487B',
CU티머니KBO한화,288E25CE6A554A16BAAB2F31CA03C493',
CU티머니KBO케이티,97841CAF21B94699A2BF557AD6E9C835',
CU티머니KBO엘지,2D9689F1E5E74D89BCD9A3274FDE5F3F',
CU티머니KBO에스케이,D24827DE9F594AFEB010D9FE72C01F01',
CU티머니KBO삼성,E6AB94DBB29C499C9EC5135E615607BF',
CU티머니KBO두산,B85A99F6C53C44DAA0C00298FC5CEA11',
CU티머니KBO넥센,7DD07276D0E94804BAC03875EBAE8ADF',
CU티머니KBO기아,9FC1D00FB19A42AFA270E0C7B74949BE',
배민)여행용세트,4A20D4B1028148D8AB559EF29E135D26',
배민)치약칫솔세트,52026B7381E3495ABC116F69DAD2F469',
마블)이어폰캡틴아메리카,BBBD679D687D48E889C4DA99F047F837',
마블)이어폰스파이더맨,8782C65AD76F4F8A8D05D6FF50408716',
퍼실)컬러젤드럼용1.35L,722041A24C2F4636A96E116649C3E3FA',
쏘다)마우스스프레이,5B4E701982F243878CC3F3DA3E3DC62D',
무민)3단우산블루,037B2D527CD0495F8AB30CD36C4F2142',
무민)장우산피치,7EE9DA02360E413A83229093756EB2EC',
미니언즈)어린이양치세트,2E77AD2DA3AF4187A6352C92E3250FAF',
베이퍼)담배케이스(슬림),68336EB3E1674BA9AC12CF735DB4921A',
베이퍼)담배케이스(일반),1925309F5FAE4213ADE1CDAA937F7D15',
포켓몬카드(썬&문)어둠,224B5DF282854BAC98C04463FFB1FF23',
포켓몬카드(썬&문)무지개,9C76BA9EE1694AB9BFD3FF1D18035A48',
무민)다회용우의,219CFDD5AF47452D8E610772D1B4A310',
무민)비닐우산민트60,E1BF26379C6942BB8F4B26EE30FD08AF',
무민)스마트폰아이링,2A8C14FA6F4E46E4AF5A7BF51C35FA96',
크리넥스)3겹롤티슈6입,3D2521CB7A174F40B22CDAD273B828B0',
닥터마밍)아기물티슈20매,64CF9E18D22849A1A3AD677BF02D816F',
메디안)밸런스치약,1F1C93CA749F4DA18E7A28ACB8956DF0',
2080)메로나칫솔,6347D2940425480C861207EECDB4C521',
쉬즈)발톱깍기,94406AEDEC55466D804D618A5BDD293F',
세타필)클렌져118ml,CD5C9095D8174B22974ECBD7DCF96CFD',
세타필)수분로션118ml,64A6772C977849EAB2C16DFFEAFE6B87',
세타필)바디크림85g,D5C2162D395D47F6834FB20BAFC1C5E1',
타이레놀500mg,8806469007237',
베아제,2C810F39CBC8497B9178AAED9694C3B5',
닥터베아제,A829B1C20C8E4AA29493373322354CB7',
동화)부채표까스활,8806016310018',
씨제이)참그린500g,B2C15D41F04342C59301BC1CC5371B63',
불스원)에탄올워셔액1.8L,4523B29DF6C64711A7080D34AE075C57',
인튜이션)여성용제모기,489E3BA667204886953D324009105502',
카카오)화장품용기세트,1F6754B6C0F845AD9E7961A54A052825',
화이트)탐폰레귤러8입,29ADF7CB99BD4333A3AB23238719FF27',
CU티머니BTS진,9C78317094254E67A7362B4D5237C9FC',
CU티머니BTS제이홉,0B2CD9B94502410AA2A2C3EDDF118A8F',
CU티머니BTS슈가,43E3BE555B43469994FD07312251D659',
CU티머니BTS랩몬,264E95E259C34AC587294DFD65581F76',
샤오미)USB선풍기(화이트),6954176805652',
샤오미)USB선풍기(블루),6954176805669',
랭커)멀티탭T자형,BB0291329326414D8C0281353DEDA7CD',
랭커)멀티탭3구형,55DE2DA25948427C9DFE0D594DDDF4F3',
시루콧토)우루우루화장솜,E82229C205EC4802A74C93EAB4787076',
듀라셀)울트라2A2입,5000394131385',
듀라셀)A76코인4입,91A4E74F7E4544549F388095CBA91FA4',
듀라셀)2032코인2입,41817BEC953147D09D9A1E7645124C29',
듀라셀)디럭스9V,0041333116013',
듀라셀)디럭스D2입,0041333213019',
듀라셀)디럭스C2입,0041333214016',
듀라셀)디럭스3A6+2,E2C3486DC75642E59DF4CA6F2B851AE6',
듀라셀)디럭스2A6+2입,8801604228287',
듀라셀)디럭스3A4입,5000394123618',
듀라셀)디럭스3A2입,5000394123557',
듀라셀)디럭스2A4입,5000394123588',
듀라셀)디럭스2A2입,8804626810003',
모나미)3M클리어커버,1D0242FD15114FA6A29E5073A33AB9E6',
용호)맥주컵5입,152800B57AA940E6AFC4D9150B2F13B3',
오가니스트)넛츠바디워시,5774BC1B32064D91ADCA7DBF1D4070E6',
휴족시간)쿨링시트6입,17B475B86F184531AD22D58FF1900701',
네슬레)팬시피스트키튼,8801055711604',
네슬레)팬시피스트연어,C528D3CCC3ED41F199DCFAE72D97594E',
네슬레)고양이사료캣차우,1E470DB068E048A581C692A80EDD78E3',
헨켈)냄새없는컴배트,715CBFDEBD2A413ABA94F4799E04C249',
지퍼락)더블지퍼백,D7FA33C43EDB4536806C3FDEF91F7928',
SJC)윈덱스650ml,0A93EEAFCE1B4207AC15CF10DA24C44F',
CU티머니어피치ACC,A047E0342DA1423686ED41CD7D478A1D',
CU티머니라이언ACC,4DFB2B7BC47247369FD24720D95285B6',
비트)O2살균표백제,B647325B53DC4B109F26DB921BA74229',
씨앤)블루투스이어폰블랙,3A3CE17F989145009859EC69B00B756F',
씨앤)블루투스이어폰로즈,C1C12116B81A487DA948D6F99D6F625E',
판피린티정,8806265000685',
톰스)다용도클립,66D88FE647C74F938B95FBE1A35B35F4',
비비안)쿨토시흰색,7923D3C6BFDB42D78F3B7D8B663800B2',
비비안)쿨토시검정,176190AC3DD64FF2A15E9361485BFCBC',
발로리)파우더티슈민트,34274F96102B4CD6A8D6707438F15B83',
발로리)파우더티슈로즈,8A1467ECB9A1462E8EFF566D0FE5BFCC',
페브리즈)포맨370ML,B97CA660E42E431884D8E5429147D2F4',
트라이)롱밴드삭스,07A41986FE214916853CB4440118DD1A',
비비안)헴풋커버,8E14DEBE0DCB4C119BC95A94A698A934',
비비안)남성풋커버검정,B68879F919D140ADB6C0608192709DAE',
닥터지)브라이트닝썬크림,CFC26E1DE6794FD785448C7388D180D3',
니베아)후레쉬선로션,E7473657CB864DB2BD0120434A39A11F',
니베아)드라이스프레데오,3254F4AC942C43F6A9D2DA345F6372F5',
해외)아물디S50ml,8809302720461',
CU티머니SML빅몬,F94E0412B9F84E4AAF7786964A01F592',
CU티머니SML옐로우몬,F4BEBE1850AD4DD49B8A44E69DC40319',
CU티머니SML버드몬,C550BF6B1F7642F7B008D7DCB3CD2807',
CU티머니SML레드몬,46E3FC56C3984E3B924828BD26B3B3E9',
CU티머니SML단체B,A4FBCD77868E41559F72EABB20B82569',
CU티머니SML단체A,F028C2DC366C4451BFA788C365E713BC',
"랭커)충전케이블5,8핀 겸용",302451D2B9984D9C8066B477457ADD7C',
포켓몬)피카츄자동버블건,C5BD9DAC2F4C45ED904D38DEDFAEB311',
크리넥스)블랙마스크3P,8801166130493',
릴리안)초흡수날개중16입,868F4C43336C4B44B983853CE07FCF36',
릴리안)초흡수날개대14입,3821A11E7D0744B0B72A76B4129A2C1E',
CU티머니BTOB화이트,EB953A738AB0450989509CACDC736CBD',
CU티머니BTOB그린,43E5CC913F504E72ABF6609398253FB4',
페넬)초특가덧신2입,8268F07BCBE04BA38FA7BE264D2C20B7',
엘지)뽀로로마스크KF80,B1C82E86396340F2939D4BFE42AFB6AE',
해피바스)쥬스스무디바디,7B1F5FF286374C11B0144C605737ACF6',
CU캐시비가스파드,9F69A3380BE546179E042FB7B7B67725',
모나미)편지지세트,7550E43D1A28429BB8565727B9FC3E88',
모나미)일반수첩,25A30727B3B940DCB5363C04F7139630',
모나미)이중봉투5매,D952EF5151BB4A36B29CAC8299A9A5AD',
모나미)이력서,29EF3F2844A342F1AF3113FA2895C663',
모나미)연습장,25983D8BF35D4C84A870000BCF54D72F',
모나미)고급줄노트,EF86B79769884149928B493CA3545AEC',
모나미)고급봉투,FFA97790853F48528B82F8ED63AB6576',
모나미)A4규격봉투5매,A2FC7CB51744478B90585002B6BD3B7D',
카카오)라이언양치세트,8801051317855',
페이스)6날면도기,5DD051F3A2F44EBEB1C9036B02B47B74',
아임유어)면도기세트,70750A8BA0554F77A0D1EB09740C974A',
페이스)4중날면도기3입,7E2EF2F0EFCB468B80948C849AD46FDB',
터치3)일회용면도기,8E4AEBE9F5F94427969B0AAC44047CE1',
바슈롬)리뉴여행용세트,8806128400416',
3M황사마스크KF80,EC886F7F3D63493CBDEFB594001E9AD8',
포켓몬카드(썬컬렉션),246DD225FC31403BB96E11C7D29E24A0',
포켓몬카드(문컬렉션),6637D48DF1C448ECB95E57C1220A384A',
신신파스아렉스(중형),DE57D1C786F448CAB561FE31BBFBB740',
엘지)순수물티슈70매,8801051121650',
필립스)LED전구9W,F66E9F5F0D5A40B1BCD54E2D71341B29',
필립스)에코전구42W,32F5CB4419F442D09E88897D4DBDD6EA',
필립스)삼파장전구20W,A0C2F2B798C74A96AE9253AE413C2792',
화인)반코팅장갑,23A65C726942408EBBEA5A00C4061549',
화인)일회용공기5P,13988B432EC14FEDAF94AD26B6C858DB',
카밀)핸드크림클래식,78F686B9A0E642C683660CB118E11B82',
미래)미용티슈180매3입,256794FDB06D48869D4171703B7101A0',
랭커)충전케이블C타입,6970602100030',
랭커)충전케이블8핀,6970602100023',
랭커)충전케이블5핀,6970602100016',
버츠비)허니모이스춰립밤,4181181FC0AB49268B6B0F809B5DE60F',
버츠비)그레이프프룻립밤,AADC6C2033B64B87AF8ACD914240A740',
배민)접이식방한귀마개,3CC4EA81B05644FE99712BC0B32D0B0C',
배민)스마트폰터치장갑,C967984C5C4F4C228E12D16BD501B20D',
배민)기모마스크(아동용),0B332EED322143D2A51ECF11CAEA3AD3',
배민)기모마스크(성인용),D61BE410273A40FCA39ACC3E808B2FCA',
CU티머니카카오프로도,AC0CD43C1F694B87B548C1659227C2DC',
CU티머니카카오튜브,A501005E6E5A4AB58FA3925B7144F7A5',
CU티머니카카오어피치,B365ECE99B474C6CAAD90EFA4FFA66BF',
CU티머니카카오무지,28F8BC8A4F1A4303A5D3C88AC780BC0A',
CU티머니카카오라이언,0DD2FF85486548EF8A21B639DE63ED7C',
CU티머니카카오네오,A44F7E7391FA434185EB1BE9152478F4',
테라)샌디스크USB16G,DFD3CDD6FC0A438DAC1120CF0280D16E',
카카오)네일케어세트,77C4368B290540E78CB6D55CAF4628E3',
네오)엘르수면양말,6E0D194A9000426CB8262BF0FA174489',
네오)엘르보온덧신,A227B0B088804AFCAED9DE8E0404BBA4',
엘지)페리오레드치약90G,5F01D1347CFE4458B84CB3544C959123',
온더바디)봄바디워시180g,6641F7C56C2D4BE080676C6B7246A4D6',
엘라스틴)스칸디린스200ml,FB9F1F6AB1104682A5B048309E374969',
엘라스틴)스칸디샴푸200ml,A010B12E7F4C4013AEAE085FB286A0DA',
엘라스틴)볼륨린스200㎖,42D46B07017740F589DE6D9BDB38C0DF',
엘라스틴)볼륨샴푸200㎖,D22AE66C76DE4ED6B9C2229DF92F9B5F',
엘라스틴린스소,606A0B496D5C499891B9300FAA68AD05',
엘라스틴샴푸소,D054AA5D3CE34297AB62BCC7CA3E4C10',
오가니스트)체리샴푸180ml,E73DC9E7C6834693AE117852453A39FB',
온더바디)스칸디바디워시70g,40B5A11368CF4639959347FD51A1CCFD',
엘지)영지고치약90G,71471B2BC169476486508349A32B274A',
페리오)캐비티그린치약90g,3C39070080AF409BBE72E7D4FA02857F',
페리오)캐비티블루치약90g,9B9A410E02CB40B0ADBA424FFBC8C2E2',
엘지)페리오블루치약90G,93DFF505703747049B4A3717C97688D2',
온더바디)산뜻한비누80g,77E06505105F49748227A3699FF998EC',
온더바디)내추럴바비누80g,122437495CCE452399E5B2C226216092',
좋은)오가닉코튼날O/N10입,D4DD4AFCEC074F8A92FC4431CAE9DF0A',
존슨즈)베이비오일,AACAE9652885481DAAE7EE4626041AF9',
내몸에순한라이너일반28입,15516B8C29A843C38D45EB56FC3F0BC5',
CU티머니라인겨울,117D4A8452AA4FBEB6FB4F2CEE7C9F66',
페넬)힙기모타이즈,85D25CC1C457450AA074E82DF03C242F',
트라이)압박타이즈,F46C42BFC62C4D3D9D9AFD36FD8E85BC',
트라이)보온타이즈80D,095562616C874F3BAE161B110392A4A5',
비비안)테리타이즈,65C567A9B60A4F69A5241C57952E47DA',
비비안)보온타이즈50D,72D3FE2B7322409A9ABB7EF9C2647631',
페넬)팬티스타킹커피3입,2739DF5679B640FCA365ACB9A5859D46',
페넬)팬티스타킹커피,10092DB661644F3CBABAC9072C87490A',
페넬)팬티스타킹살구3입,004FBDD218F3474DAADBC677D46DC054',
페넬)팬티스타킹살구,AC0CCFDC04784D6FB543AD15EDB5A1F4',
페넬)팬티스타킹검정3입,4AD57379FF9743B6A621E6826C50899A',
페넬)팬티스타킹검정,EF8059A105864DDE822C19E38D580CA0',
니베아)화이트닝선크림,0CC4EB206BE34CFB8DC5D15CFF21FEB9',
갸스비)와일드왁스15g,74073B25CD654F9FA227D77BFD89908F',
애경)라인샐리기획치약,518AB567BA664A36ACF18C209DF062EA',
애경)라인브라운기획치약,79EA0BC09F3C464BAC428DC14259BE4E',
CU티머니자전거,A253BDB3AA2146B6BFF2C963736A5972',
CU티머니씨티패스,A50316466DCE4D9C844CD4EB3F7AA5DD',
CU티머니베이직,E2C049D89C0B46349EFE0CEAD8445476',
샤오미)보조배터리5000,1158AD6E96044C26A490BA846B196B94',
위스퍼)피부애중형18입,72A180C8EDEB4845A40130CA40F4F196',
2080)치약칫솔세트,1093742801624312B5D049DC6A68F628',
포켓몬)냉혹한반역자,40185D0EBEEA4F298A48562454554FA5',
포켓몬)타오르는투사,7E7BA3D8A15E41F184F61D155E5C8322',
BIC)전자라이터,FD653B14030348F095E5766F29BF4D3E',
좋은)코튼울날중18입,0413DF12C32745C2A820E9A4805EF9AF',
액시아)젤형순간접착제,F2716BC3DA354914BC2D58863B508416',
액시아)액상순간접착제,A5D5C0E0D42F4D1A9E25DB7B2C2E5DF7',
액시아)다목적접착제,A178DAA6DA2840D0A8BC50A7E4CE7F30',
피죤)액츠프리미엄1.4L,CC36D51BA4C943CC92FB303E3493AD49',
깨끗한)촉앤감롤티슈4입,8BAE7EC9582A4336B136B3728E6D6989',
바른생각)에어핏3입,8802550062284',
바른생각)롱플레저3입,9E0110400AE846D583D0A4B1B2483D07',
화인)피에로화투,AF971CF65F3B486482E87224BF127F26',
좋은)슬날수퍼롱4입N,0C531CEBF28D4D50BD7C99FB962A79C7',
좋은)슬날대12입N,7A1B8CA996C24E659DB1DED4C7B3B01E',
좋은)울날대16입N,BEAB88D774E345A68A04EE225DC8ABA4',
좋은)슬날중8입N,F51D840CC1E14064AF4DB137D626722C',
좋은)울날중18입N,CCEF792FFA9C41959267B169EC4DBD3D',
좋은)울날중4입N,DA22E1FD23224706BE2A6E75B0C53FAC',
좋은)울날소18입N,776F941257A14EE8A1380D5F6C1D04C2',
동아)맨스킨슬림콘돔3입,7273CF860856411D8A1C7AD4677DBCE8',
나무)프리미엄쿨토시검정,428B555858E94743B2D0C8E4DFC7F04B',
코카)쿨기어이중칠러보틀,FA1282929AED4742909653DB7EF9C030',
코카)쿨기어이중칠러코크,6F612674C6CC4F87B9F25B00CE5AC184',
코카)쿨기어스윙탑,37F8CF2BC8D2476FBD8363F71BAAEF1A',
카카오)미니각티슈230매,C6D8215CEF1142338D39669D376DD6D5',
크리넥)로션각티슈150매,41333DB320A3436F86752E24EB5036F6',
해피바스)당김제로매직폼,8806390544832',
비닐)화이트우산60,6BEC4152A80C47DF92E020612DF3F2E9',
비닐)블랙우산60,163373351F1342C0970E208129F3F82A',
원단)3단우산와인,58990F9404E0470F847127534E053E79',
원단)3단우산네이비,B2315948C58B4F648E00C576D2E5CFF1',
원단)3단우산블랙,181797BBB08B45E69127D03FCF1FA7E2',
원단)2단우산그레이,3C0D9EACB70F4237A3602583A66B5715',
원단)2단우산네이비,D9E18F3CDDFC4D5F98C7B96ED422091A',
원단)2단우산블랙,5987819DBB214082B3D4F609FB189583',
원단)장우산와인,A6FA757BE3494ED6A5FFE75ACC942C83',
원단)장우산네이비,EBA8BE5038204B95BFEF8ECCCD6E5137',
원단)장우산블랙,7D1A9DA76BC04C868CB4C007173C5106',
라인)쿨젤팩코니커버,7F09B55A4FEE4F35BB68EC1D203B1E57',
라인)쿨젤팩브라운커버,23F67552BFB94FB8953B76A4409A8456',
라인)쿨젤팩코니,979464773C914814A71DCD5AC9F1254D',
라인)쿨젤팩샐리,A6B3DE1DFFA147339367BB4175AB103A',
라인)쿨젤팩브라운,09C35DF673DE4F8A951BD57CB564CB0C',
오가니스트)발효초샴푸380,D2F743011E7E43C4A210E8DC9CEAE39A',
갓투비)스파이킹왁스57g,E1CA025FF627449EBA2A3AFE8676F429',
더퓨어)힐링선크림80ml,EB8C663C42A74EF18693250710B783CE',
한페이카드어린이,15D89802786940BDA44B6EA5C3FEB35C',
한페이카드청소년,40D52C5732024DE091F78C19B1328375',
한페이카드일반,2CDF757240D44DCDA7E204A520433292',
에프킬라)킨500ml,8DAF1AFDE0D649E384AD70C507B861B8',
트라이)아쿠아풋커버,A261E5D045204E908BF70516F23194D3',
엘라스틴)클레이왁스80g,4C45E563AD394B58818C07057307B145',
엘라스틴)하드왁스80g,4E3C5984723D45DB997DF17E8F9D4C20',
엘라스틴)스프레이200ml,E59F872081CE4F08BA1998486325F7F2',
엘라스틴)페이스트왁스80g,41D9CE7CF23F4EC3A14329ACD7FB4EA5',
그린핑크스)선풍기,BEB89DD9C7A24180B270455314052266',
터닝메카드)핸디형선풍기,BB20AA3E66A44075804E37C958B7C5A7',
터닝메카드)스틱버블,588CFC73DBBB41D78BA210AF76EA4ED0',
터닝메카드)목걸이버블,3E2B57D3FB3E40F099046FD5DE9A054C',
코코몽)자동버블건,1817117B1F38496696BEE5AC0CDE4C0B',
터닝메카드)자동버블건,6B4066C70CEC4D3C9EFFA4D8E4FEC2C6',
티머니블루,F9577B24E87349E0BE6BF7607C4BFC2F',
포켓몬)초능력의제왕,8F43CEE62BE0435CA10894FEC4E99C56',
유희왕)58탄브레이커즈,FBFA7CC9508C4F60B8A1675831ED4D29',
깨끗한)물티슈10매,D69FA7390B584C749D090BC2C7595E34',
갸스비)스파이키왁스15g,56A3C8D9E56740BFBFC9F949C2A2FC00',
비비안)압박스타킹커피2입,C79F4DEA91B44669930987B80C7A90F3',
비비안)압박스타킹살구2입,776601A0C97F4B60BE75C086338A1497',
PB)CU교통카드그린,FB36CD1D05E049A59EE1E4482A517AF6',
PB)CU교통카드그린,60527C1ABC61436E8CB76AC1FD571DD7',
티머니라인한복,6F964CC961174B5C8CD2A4F666D21DD7',
티머니라인러브,4E230924245B491389098DE1FA269977',
티머니라인하트,2EB8340EF17E4F109009403E35CBF9A5',
크리넥스)카카오티슈60매,8801166027236',
페이스)4중날면도기3입,C6B8DBD4559549BDB84D6E173D5A8A50',
크리넥스)카카오물티슈20매,FFBB0A0D1ADA4BF59E96B3FD0DBD4D31',
듀렉스)플레저미콘돔3입,7F77753E4DFB49FCB204704560A91B78',
가그린)제로100ml,5D12238AF8F544BC97C767B9E71D5A07',
삼성)구론산D병100ml,F301E8E74EAB48899026D394D11651CE',
농심)까스명수골드75ml,722DC5B6CEE84958A1451347D0F8A6C0',
HEYROO3겹롤티슈24입,7E425729179544B6971EDA3BF42A7E27',
해피바스)비누,039BE0B2C7DE4B69AC10561E03CA761B',
듀렉스)돌기형콘돔3입,FF6A0F8169C2465A84A96EB155E5DAB7',
듀렉스)초박형콘돔3입,629D20127AA744B2A20BC60EEE0DF467',
위스퍼)피부애중형5입,B6D800489174460F865B92A9F2A2B955',
오랄비)초미세모칫솔,D3BFF641B34E40BB92FBC7612F4C8D7B',
용호)종이컵50입(한줄),A01CFF8F33084A278350D21769BA45F3',
용호)종이컵50입(25*2),56CB153FD369416CA7D7DE10607F5E56',
용호)종이컵10입,8C41EC4C3283480F8E5FDAB1ADB18313',
용호)소주컵10입,4608A0D814734458B0A1A04DA5396CB7',
하기스)아기물티슈20매,070FA3C01EB2476C9C8F18E15965BE1C',
크리넥스)울트각티슈160매,1157E62AE276465B8481BD3534DA753A',
나무)세이프황사마스크1입,76AB715723F5480FAF40BEDF092DB37C',
크리넥스)건강마스크3입,48F1F8C2B987467E9ED9F62769C03BD7',
포유)황사마스크1입,7495655821144CCB98B19F0043217490',
나무)네오가드마스크2입,638A8C9DFEF7429397853EAA9691822C',
나무)테크노웹마스크1입,9BD402B1A3824465AE5D3EC586DCB93D',
듀렉스)일반형콘돔3입,59DA3919BCCF466290F47BF349CEC1D4',
벡셀)심슨건전지3A6입,E887EF0D7E304896815DDC3297499D78',
벡셀)심슨건전지2A6입,773818BCB264408C8E0723FF52996F66',
바나실)남성트렁크100,90BC86736DBB4666BEFDBFFEED960D97',
존슨즈)베이비화이트로션,1A6B0888C6F347FC923D1BF5D97C1D63',
쉬즈)실핀,651AE458F40747FAAB4DEFF0C84F33C4',
코카)텀블러폴라산타,5E4E5DF158B84C81BF6668B1326A62CE',
코카)텀블러폴라베어,602236BB3DCB4E0D8E652CA21680A973',
크리오)뉴일반모칫솔,3D4DFC632D7C4B03BA9A3383D767EF9B',
크리오)뉴미세모칫솔,31538D05C4064782945760D03FE0125B',
코엘)아이폰충전기8핀2A,AF96B70A477349FF949B0E59C6E6B2ED',
해피)아르간오일바디로션,D7CCBB9A92BC463AB8F7F9C8B72BFAC4',
좋은)참숯롱라이너18입,701383287A7142B089CEF237E3FCA02F',
오가니스트)미니세트,DFC916858D0A4607818526605A4AB86D',
벡셀)건전지3A2입,D9255BEB7ED841FBAC03FEB61EC2E4B9',
벡셀)건전지2A2입,636CD7A41DAC4C6F9E57EDED5FFDA93E',
려)자양윤모샴푸200ml,8F17D7B3EC7F417498E7B31E7F52CD54',
티피지)흔드는핫팽중1입,6CA8296C44C542EA9733B1AFB197EA46',
태창)보온내의여하의FREE,6F100E210A9147D98E0086BA28B5F7DF',
태창)보온내의여상의95,A5FA70561E3E4350A80164076F850C86',
태창)보온내의여상의90,B2942317379544C6B0A0758CFB91F6F3',
태창)보온내의남하의LXL,F516F14C52EA447286AED4464D29CD40',
태창)보온내의남하의ML,232737C03EB446A59F113A02CDDD0174',
태창)보온내의남상의105,F58EFDB1A3AC4799A0AA9708BBA2649C',
태창)보온내의남상의100,BC184624D8E84FDAA62C59BAC2451F50',
태창)보온내의남상의95,4D1E158E9BBF4FFBACFE6442BDE5C439',
려)함빛샴푸400g,ADF64CFAC14442D69F387574D468D57F',
려)함빛린스400g,9C60254EEB0142818A5DC4E8DF127183',
온더바디)피치립케어,E5C5175C2E484AED82C4DB872367EFFD',
온더바디)프로도립케어,F248D840A4534AA48E22FCCCE12A7748',
온더바디)체리립케어,C71ECED63DCD41338961DDDD5960CCFC',
온더바디)모이스처립케어,CAF45AD5BCCD4636AA0E7D7A742C4747',
바나)환타립케어,DB25AD6765A44678955689F5D3D68638',
바나)코카콜라립케어,3187EA91A375465ABE4A753F4EE539A2',
네오)캐릭터보온덧신,D869A0A1F21C4709A180B285F8CD43E5',
페넬)세미압박타이즈,AA55FB7AE5554C4B9D793DCAECAC7BE1',
비너스)힙업압박타이즈,8808570025230_%EB%B9%84%EB%84%88%EC%8A%A4)%ED%9E%99%EC%97%85%EC%95%95%EB%B0%95%ED%83%80%EC%9D%B4%EC%A6%88',
비너스)항균테리타이즈,3A721C93119C44C5B6A46926AE48EC0A',
좋)뉴울날오버나이트14입,7359B2C16D50423ABCCA6B4919119A5E',
화이트)무향라이너20입,2C9B5E54C7F94E00B2FB504E9953E373',
아모레)커플치약칫솔,946FD589ABEC4BBCBBA3ABE570A6478F',
페넬)앵클삭스살구,5CFE624CBABB487393F5878C3811CE52',
트라이엄프)판타롱검정,3574DE270D924E3E9BB29AC643BC094B',
트라이엄프)판타롱살구,4A8869536DA549B89AD7592F2BE2C25D',
트라이)밴드스타킹검정,1DE609A5CF5043E1AF51BE749A66D24E',
트라이)밴드스타킹살구,030F7E8C26064B02A328680F8C9B8F47',
갸스비)하드스프레이45g,4902806584028',
갸스비)그란지매트왁스80g,4902806125894',
갸스비)울트라하드왁스80g,4902806126549',
갸스비)스파이키왁스80g,4902806125337',
갸스비)와일드왁스80g,4902806125405',
c&c컨트롤필름,9D885FE064F7413A973A9ECBBD1CBBED',
쉬즈)패션색고무줄,940623CF62EC4FB5AE316EF577096A55',
포유)일체형충전기5핀2A,B514914EF0D54CA3922B57B64D38B820',
깨끗한)캡형물티슈80매,8801260608805',
가그린)뉴레귤러380ml,041AACF26016427DB3AF01321B4272EF',
가그린)뉴레귤러100ml,C81AFFB40A38468C9F8545818BF807F6',
바디)순면중3입+O/N1입,78EFE3FBB9A24D6E81BEE1C530367FE8',
가그린)레귤러380ml,6AB87DDEAEAA4FAB889F36D55D1DF060',
아모레)어린이여행세트,259A0593A32449D0883572C007CE5A74',
바디)내몸에순한면중18입,8809299234828',
바디)내몸에순한면대16입,8809299234842',
온더바디)블루밍바디워시,BE852DB7FA4C4DE4A8A4601D7EC682AA',
마하3)센서티브면도기,F45E1652361B4D22829CCF3521C0BF1D',
코카)아이콘텀블러,436ED93B3D7C4A26B1C53221736AA25E',
코카)빈티지텀블러하트,C3F33F530D064A8EB98395E79438ED39',
코카)빈티지텀블러스타,B8A9A64A737F488995C2C7E441DAA577',
벡셀)건전지3A4입,BEF5C04830364B3B9B4C761EB9B6AF54',
벡셀)건전지2A4입,1BF11BB618BC4046BDF779B749ABEDF3',
좋은)오가닉코튼날중3입,8801166210959',
마하3)면도기1UP,5BDF8C69822847729184D2725BCF4BFC',
피죤)액츠데오일반1.4L,BA1BEAFE2017407F8FDDF0BF4BB84E1E',
미쟝센)워터포마드75g,C70A9D597FB046A8AAC48B7668FBA139',
미쟝센)매트파워왁스110ml,B215F2DD52B34A6CB0DD351AC5878F5A',
갸스비)헤어잼타이트30ml,F1C5B1E10CCA470E8835BF2C7CD451D5',
갸스비)헤어잼타이트120ml,FB0AD98E145041A18B99A14513093C03',
갸스비)헤어잼엣지120ml,97DDA24E27A64129964D9B8BA1B4C8D8',
갸스비)헤어잼스마트120ml,CFDF2E8733EB457D8919D0BE00A0DB7E',
화이트)입는오버나이트2입,EA259EB1F5074E6FA780C0357A7EEE38',
탐폰)오가닉레귤러8입,2CC5CF2FB15A4D40B1BD9452B5D03B48',
포유)포켓몬에메랄드,CECBCD774AB347D8B06171A99C2D02DB',
코엘)차량용분리형충전8핀,812D2638F6484C26B9679B89137C6AD5',
포유)요괴워치부스터2,B617E40704AF421B9404627D15B810AE',
해태)영진구론산150ml,8801105914382',
씨앤)아이리버화이트,71FAD96D29C643FBA6461D38EADFCEFD',
씨앤)아이리버블랙,7FB7C057F36344D8BB66ACC4C81BE678',
씨앤)과일이어폰플랫포도,69814459902F42648E5A094D1CF61A7B',
씨앤)과일이어폰플랫코코,81E532043C1544169A2900A4FC5518EE',
씨앤)과일이어폰플랫사과,052892BEED5540A699E3F99538E19565',
페넬)누드팬티스타킹살구,E1C8CE584833409C80EC6E3F8EF0AF23',
비너스)뉴팬티스타킹커피,0E47D2FE8E2B4735B60CA7675C528B70',
비너스)뉴팬티스타킹살구,5B223A66CF284134ACA1A248118C0F2B',
비너스)뉴팬티스타킹검정,9B33DD74F3BB49F6A7007E30CDEAD88D',
아임유어)가글포도향,5FB7398B6AF34844AA2B7DBE5EFB1F4A',
아임유어)가글사과향,DF3E4C477A8A471BAD36DDD4A0315A0A',
빅터존)JB로얄카드,2B36C62658504EFBB5C35ECDF4BDAF74',
예지)그날엔순면중형16입,F68EEBE2A9674CFAA4E4B8D205BBF1D2',
릴리안)순수한면중형16입,F8B156FB3C074FDBB46116020C1064B2',
릴리안)순수한면대형14입,C8C28454A15E4BF5A347FF1825534439',
아임유어)면도기세트,BCA52F59FE8B43D19E46D448C7BE760F',
해피)솝베리클렌징오일,F28E185E93824B4C8864B7F8EDD39218',
질레트)하이드라면도젤,7702018864560',
프로글라이드)실버면도기,A139A9E5FB6F4B0FAB36B2E5AFE9D237',
샤프란)퍼퓸블라썸410ml,A83F641F5DD94A42AC3A4D25C7BD4FE5',
샤프란)퍼퓸그린코튼410ml,596B012990F3418F97AD1689F3F4F1C5',
46cm)쿨민트치약,8801051057577',
템포)탐폰슈퍼10입,B8BF2F15AE8C413F8C7F48C3471B3CFF',
템포)탐폰레귤라10입,9034F03F8F2248E2BA64B73D9219C4F8',
미래)3겹천연롤티슈24입,105CE7AAA9E94E058A6629C4ECF77193',
나무)쿨스카프,50C3160A8D714E23A1F983A712A1D45F',
나무)스포츠쿨토시흰색,013B463B7E3D4A108A55692C3FC75DBE',
나무)스포츠쿨토시하늘색,BC6A319C3CE64F4EBCCFC389015EC56E',
듀렉스)러브박스콘돔3입,1731D82C7BB74CD2B1D22EA358E3F133',
깨끗한)3겹천연롤티슈6입,37365D698F8A4E02BD9891F73E525B40',
아이비젼)다이노포스검,0CAFC43C10994104B0882EB5671CBE22',
에프킬라)무향기획팩2입,B4B82E0DB8964C699E095834A69ABB3C',
오프)에어졸150ml,A051D5E4D62B487A8BE8A59B4DEA4E6B',
포유)토끼자동버블건,08631E0D8D744A2BA8D4E76888C00DD6',
포유)포켓몬플라이윙,326DAA6EA73243B2983BC9F620880B61',
포유)포켓몬자동버블건,3CADF1CDB5F141B18313D7D4B21053E2',
포유)포켓몬비누방울,B6AA23489DCF4C018AB3B322CFA53A2F',
포유)라바피규어물총,8A9529F8D2D446A9816BEC01CFCD9448',
포유)미니특공대비누방울,333DACC7435243D897451E7EC36BD91D',
아임유어)파우치,53A10A369FA14D069634883A66B0D98E',
아임유어)생크림폼30ml,8D7077D524524AE2A6E178C7A4B76335',
아임유어)바디워시50ml,8D58F67219B84308B1B8D8B48BC4EE55',
아임유어)트리트먼트50ml,FCBC0D7E4424445085E9233385EDBE98',
아임유어)린스50ml,EE7DDEC507174FFA8AE04E50A8B6D9AF',
아임유어)샴푸50ml,07385FE4565744C68789EA03A69E9688',
해피바스)쿨링선미스트,79DAE3B25929422F9BF2FA7B868F6784',
해피바스)알로에수딩젤,BAE5346A8E4541B38EBC28898B072C43',
온더바디)선스프레이,CFFE24ACEC75487BB40F0A947DFBCEB6',
온더바디)내추럴선크림,A31E1D563C754242BAE4F6E7B63E1105',
해피바스)솝베리클렌징폼,AC19DE502497441B9333A8EA8358EB56',
귀애랑)울날중18입,8954A0D72EDC40AFA72A0B09280BEBC1',
모나미)BIC문구세트,891F8ABB683444BAA15B9A2EDDD87732',
페넬로페)쿨링풋커버,87375AE58549408D9E2291DF90572BE1',
비비안)압박스타킹커피,C00417D3A5E34F4AB63AB3705C04FF80',
비비안)압박스타킹살구,8801162180225',
비비안)압박스타킹검정,8801162180201',
바나실)이어폰스파이더맨,AC7780C894884417BB7D60249167A6A6',
티머니라이프옐로,2337C9A6DB564A66891DEB43E3D4103E',
PB)CU교통카드ACC버스,65C4CAFA99274E7D933BA4C348D1F9C8',
포유)요괴워치스타터,C3F96C84EDD64FE89AC3A2595BE5C5A0',
포유)요괴워치부스터,21F75F754F934053BC4C6C3A5EB0ED1B',
식물나라)비누,D9DDE8E1259940BD99FF84342E3F0565',
페리오)치약칫솔세트,03998097C5D143DE97422EAF89EE3E01',
바디)네이처울날중20입,E78E0A7086014A37BF16D9E4FAD4D0DD',
프로글라이드)실버면도기,0960A00CD03A454AAF9943B3EE2648D7',
PB)CU교통카드뽀로로,946BD9AE7C1740B8AADE8A91F04514D4',
프리)외국인심카드1GB나노,39A60DEE882A41E596FCADC9A0C93D7A',
프리)외국인심카드1GB,428A0103A9614D7CBF6EA7EA687AF199',
프리)외국인심카드500MB,10E49224C9C74FA8AAE9C9BD722654CA',
포스코)LED전구9W,735831FD75C44964906A2CDFFADEDD7B',
크리넥스)황사마스크대1입,0635DB681980455587980BA405A7B312',
크리넥스)입체마스크1입,11AFFD17A09641B2B32EAD0EF8A2EC0F',
엘라스틴)실크샴푸400ml,8801051147643',
엘라스틴)실크린스400ml,8801051147636',
삼양사)상쾌환,8801013770087',
아임유어컵,8CA8C8C643FA4DDEA57A0A5AED28ECC0',
리스테린)쿨민트100ml,8801008700174',
뉴트로지나)딥클렌징폼,8461FE82D70E448084ED32AF0ED5D524',
페브리즈)비치형맑은하늘,C0C59DADF84A44E8A090BEA9D6133D40',
페리오)부드러운모,2A80FE13463A47649E095E693BDC00CA',
테크)드럼용세제2L*2입,BD076571CDB74E80BD46DECBD0104B6A',
구름빵)캡형물티슈70매3입,C52FB1CDE6F5435CA50E11C5C7546B3C',
리스테린)그린티100ml,062FE4FCD5AE45149F9385E41A29391A',
나무)스타금연필터,0DBEB8D11E134550AEBB74082DA04989',
나무)아로마금연파이프,25A077EC250F43AFA41A94A7D8A63CFD',
나무)회전손지압기,3CF0C2F31F594A48B89E15325BF9B42B',
뉴페브리즈)상쾌한향370ml,2F1260551BCF41EEB08297CD657BC3F5',
좋은)와이드롱수퍼롱4입,2362FBAE1F074FF287FB80D78F2A7978',
PB)CU팬티스타킹검정,D983862125CA4B54A430353403CD9429',
PB)CU팬티스타킹커피,EE6641C341FA4CF9AB04EA4759F7E71D',
PB)CU팬티스타킹살구,4DFC9AAA893E4F57B8F52DCCC3AF25D8',
한결)울트라날개중형4입,BE989314D4F347559A25DEBC76531180',
한결)울트라날개중형16입,F6A1724AFAC64F2BAAA5754983A43D6C',
크리넥스)각티슈250매*3입,FC002C0884E7422BB009650309245BCF',
해피)가드니아핸드크림,CBCD1B2A5C444BC0855F397D033EF5AD',
좋은)울날대16입,193061D6CA28401698446E51C4F43A69',
포유)스프레이체인,84F7F79982BB4A51B24CF264A554385D',
포유)단열에어캡,7517E93D934D4A32AF7F8FA42F5B1DD1',
모나)약쑥3겹롤티슈30입,FF155AD0E65940FAAEB9A9628FB962CA',
아이깨끗해)순핸드워시,9957B3CA2DE6442DADD65515298AEC82',
오가니스트)린스200ml,8801051158496',
오가니스트)샴푸200ml,8801051154139',
에단)장목형수면양말,B6CBC564929F486C906B006226167DF6',
에단)발목형수면양말,FDA835E08B294D5A877C78FB7B8FEDB6',
지엘)하루온손난로1입,71F04207E5204BE09AED809304F9C99C',
지엘)하루온손난로미니4입,0B4FBFF356C24FA39B13E6E723F53D41',
바나)스마트폰터치장갑,4F22CC1F2673466CA2BAA838E70FA5B3',
바나)방한용접이식귀마개,E09BD58DC3E34DBCBF7532070B4FAABA',
바나)방한용기모마스크,9D1BC7921CE04C6BA45F46E87050E86A',
바나)보온내의여하의FREE,EC49E3CAF8E944F6AE3F7677D1C94364',
바나)보온내의여상의90/95,8990E4764F794D0AA95CD46196FD0133',
바나)보온내의남하의ML/LXL,8821EACE3A3945EF86E5A904AA5E02C1',
바나)보온내의남상의95/100/105,4F8322A1A9E14FE9B7F09B9DEBF3F2EE',
페리오)잇몸보호칫솔2입,CB230EE113AB4D769531D39ABB664503',
메디안)바이탈치약3입,DC2CEE1178CA423E9A914F600578B3DB',
페넬)타이즈검정,E3F460F357FB483A899A2DA996008BE0',
비너스)향균타이즈검정,764F2384BD6F4567827ACE0D83F91EDD',
비너스)압박타이즈검정,9FD40823C4824399AF72FED03083CAD5',
비비안)팬티스타킹검정,81C2B1E8B8A94A6BA93D2224B0416269',
비비안)팬티스타킹커피,C280B3A3C9034C23A21F6A6BBFD9B297',
비비안)팬티스타킹살구,BD4080819BE34CDBBBF679D1F4D945CA',
화이트)라벤더울날중18입,6BEA64AF98D34A2D9FBECB5614645F82',
릴리안)숨쉬다울날중16입,374D2D952267470789F6A53560BC092A',
릴리안)숨쉬다울날대14입,D9AD865A1622498F863E74FF0EFCBCC7',
페브리즈)에어다우니275g,6A17FF69775A4BE8AB7DDF2B640CE7A6',
페브리즈)에어봄275g,88ECA319C17A440D8B5C64E943E2328C',
바디)수퍼롱와이드10입,7F71567F15A648C6835C940F097CEB28',
좋은)한초랑울날중4입,82AA0978415B42159F1C0C3368CEB8FC',
좋은)울날중4입,08F68CEDC0A54F478B3D987F4F897336',
깨끗한)3겹천연롤티슈2입,B8EA22EC739F4592940E338DF9D581F1',
엘지)테크750g,8801051215632',
미쟝센)데미지린스,8806403068409',
미쟝센)데미지샴푸,8806403068379',
귀애랑)울날O/N12입,8809016360281',
귀애랑)울날중4입,8809016360083',
바디)네이처울날중4입,0A3C7D055E7C401AAF26942E9C149FFB',
바디)볼록맞춤울날대16입,33C81742C0BD46009C608228D97F7613',
바디)순간흡수울날중4입,6758A0C0046141D49CE00B7382A54D03',
바디)볼록맞춤울날중4입,14EE467729134029913FF956BE9AB112',
해피바스)솝베리버블폼,0405F431182044E08DD12D6D33E6574E',
헨켈)브레프파워액티브,A5A6486D088D46CE9BF6D22BBBDCE328',
케이앤)모스캅30ml,DB9EB6EC415F41B6AAF8FF859931F1FE',
뉴페브리즈)은은한향370ml,B50E80C9FAC944B6BE44F3F6BA972A8E',
미쟝센)거품염색제갈색,B41CDDED9AAA476A96562327E663BDEA',
미쟝센)거품염색제흑갈색,8806403217982',
좋은)순면울날중18입N,8801166234153',
좋은)아로마라이너20입,D479E649473B468E9F9E7522A80E37AC',
화이트)라이너라벤더20입,8CA29E28A48D4BA99BFB06709F0740F4',
크리넥)리필형물티슈80매,9BF16C90BA3A47E2B0002817DC04190A',
좋은)순면울날대16입N,8801166231367',
미쟝센)샴푸,D03B9CAD6F3C42078B2FBF324995444C',
엘지)실속여행용세트,8801051222388',
애경)고급여행용세트,8801046251027',
질레트센서티브폼,0004740024144',
한입액체세제(겸용),8801051208634',
마하3면도기,0004740017931',
오랄비)후레쉬칫솔,D323659070374DADB589D18BC91351EA',
미쟝센)익스트림하드왁스80g,3A91B0669C534956A8325B820F60B706',
바디피트볼록맞춤대16P,8809016362056',
좋)스키니핏울날중18P,8801166211192',
좋)뉴한초랑롱라이너18P,8801166222617',
좋은)오가닉롱라이너18입,B98D88223C394FFF9FC29D524FE4EA5C',
화이트)시크릿홀울날중4입,8801166212885',
깨끗한물티슈,8801260603138',
온더바디생크림폼(오렌지),8801051126556',
플랫핸즈프리(화이트블루),0639247138117',
플랫핸즈프리(화이트),0639247138216',
플랫핸즈프리(블랙),0639247138209',
플랫이어폰(블루),0639247133266',
플랫이어폰(블랙),0639247132863',
플랫이어폰(레드),0639247133310',
마즈)위스카스주니어참치,8853301550048',
위스카스고등어와연어,8853301550079',
부명)먼치껌치킨육포,8809090431525',
뽀로로미니카,8807680001172',
페브리즈허브향,4902430155670',
신발을부탁해,8801051269970',
수퍼타이1.5kg,8801051202236',
홈스타다목적세정제,8801051263770',
테크화이트닝젤드럼,8801051203271',
페브리즈차량용라벤더,F6CF5B6F6DC9492CA15169B85D4176FB',
페브리즈차량용맑은하늘,052F34C76AA74FA3B5CC2398A13E2A9A',
피죤)스프레이피죤로즈향,D773A8BDA4F141F3885A29615EC07891',
팬시쇼핑백중,8809267013929',
팬시쇼핑백소,8809267013912',
크린위생장갑,8801252042105',
필기구특화세트,2201148608686',
모나미)양면풀테이프,8801067389501',
한줄종이컵50P,8809046220388',
3M매직풀,8801230604295',
페이퍼면봉150P,8809267013714',
비트지함1.5KG,8806325613121',
에프킬라무향,8801328106328',
엘지)샤프란핑크1L,8801051263558',
PB)3구스위치멀티탭,8809267013356',
PB)T형스위치멀티탭,8809267013295',
다우니핑크1l,7C7718DFDEEE43D399F1BC972EF275DF',
뉴페브리즈)다우니370ml,7CC332F48FC44C4AAF8DA1A15CB2D817',
엘지)샤프란향기탈취제,1E7631A855854E4DAD57CCAF2C41DAE3',
파티풍선하트,8809125820362',
파티풍선일반,8809125820416',
HEYROO휴대용티슈60매,6EB796EF56354E75A69B3582F9E4C347',
CU물티슈10P,8801260606931',
CU각티슈280P,8801260213528',
HEYROO각티슈280매3입,F7034486C76C450AB98828DC140547E3',
비트윈칫솔,8806325607137',
니베아러블리스틱,4005808851782',
니베아립버터바닐라,4005808739707',
니베아립버터라즈베리로즈,4005808739622',
마이비데)물티슈10매,FE0FA68F574C4A54A2EE8140FEB803B8',
웰빙KF80황사마스크백색,8809164100760',
시스테마잇몸치약,8806325616023',
애니데이뉴그린티향20P,8801166222495',
깨끗한)리필형물티슈30매,C7BA5E73DE32488F90C9F4989DA3A4E0',
C&C훼이셜포밍클렌저,8801008200889',
페리오토탈7치약칫솔세트,8801051011241',
크리넥스KF80황사마스크,8801166440639',
바디피트네이처중형20P,8809299231056',
페리오치간칫솔I자형,8801051006087',
해피바스코튼바디워시,8806403330421',
미쟝센화이트릴리샴푸,8801042657113',
페리오)이지클리닉칫솔,8801051010367',
페리오)토탈7치약,8801051064223',
바디피트네이처오버10P,8809299231032',
바디피트귀애랑대형14P,8809299235184',
해피바스모이스춰로션,8806403124457',
46cm거품치약,8801051062991',
화이트)시크릿울날중18입,8801166212908',
엘라스틴퍼퓸샴푸,8801051152845',
터치3면도기,8801038560014',
페리오키즈치약(딸기맛),8801051055269',
뉴템포레귤라,8806011632856',
뉴템포슈퍼,8806011632771',
화)시크릿뉴울날오버14P,8801166226523',
화이트)시크릿울날대16입,8801166212939',
좋)뉴울트라날개소18P,8801166210683',
좋)뉴울날오버나이트14P,8801166217002',
좋)뉴울트라날개중형4P,8801166210713',
좋)뉴울트라날개중18P,8801166212717',
좋)뉴수퍼롱오버나이트4P,8801166210874',
좋)뉴와이드롱날대12P,8801166223485',
좋)뉴와이드롱날중8P,8801166223751',
화이트)탐폰수퍼형8입,4696CDBF4E22486BA0A95217CB877706',
뉴미니스남성여행세트,8801051304466',
뉴2박3일여행세트,8801051301588',
페리오46cm포켓가글,8801051064155',
터치3면도기3입,8801038560021',
시스테마칫솔치약세트,8806325615255',
2080)센서티브미세모,8801046860458',
오랄비)치실,60EB9050BFA34C37ADD2A63EFB986EA5',
바디피트오가닉코튼4P,8809299231162',
바세린헬씨핸드로션,8801619046180',
비비안검정기모타이즈,8808994913779',
뉴트로지나모이스춰,8801008122853',
니베아후르티샤인체리,4005808517589',
니베아메드프로텍션,4005808850631',
니베아에센셜케어,4005808369485',
니베아워터링아보카도,4005808660476',
니베아올리브앤레몬,4005808556281',
쉬크익스트림3,6937266703427',
오랄비마이크로씬클린,FB4FF71D443E431B87BDAAB84472D864',
닥터민키스치약,8809320931269',
가그린소스트롱,8806011614586',
가그린소마일드,8806011614487',
가그린소레귤러,8806011614531',
가그린대레귤러,8806011614517',
2080)치약,8801046846087',
엘라스틴미니세트,8801051155365',
페리오치약50G,8801051005103',
바디피트수퍼롱와이드,8809016369000',
갸)남성세안페이퍼,4902806569353',
갸)바디페이퍼세트,2200000149978',
하기스도톰한물티슈20P,8801166386012',
스캔들미네랄미스트,8809268150876',
크리넥)데코3겹롤티슈24입,8801166012119',
2080)칫솔,8801046057216',
엘라스틴모이스처린스,8801051148961',
2080)청은차치약칫솔세트,4073D4A720A64ADD95D2CD5D9E440568',
46cm마우스스프레이쿨민트,8801051057638',
해피바스여성청결제,8801042379565(1)',
오랄비칫솔치약세트,8809148001571',
메디안)센서티브칫솔,8801042443631(1)',
메디안)치석케어치약,E325E3F44D504CA89B9F4F711597DAE9',
미쟝센)슈퍼하드왁스80g,1610C24B0A2E4302B0C3E04C44D00299',
리스테린)쿨민트250ML,599528E18C5F45A69DD3D8B9072C92CC',
덴타시스테마치실,8806325613404',
뽀로로아동용마스크,8809099641130',
예지미인순한중형16P,8809104293095',
페리오키티칫솔치약세트,8801051009101',
페리오여행세트,8801051000665',
페리오토탈치약,8801051047189',
미쟝센)퍼펙트헤어세럼,97881E8041F544168F6B495893CF5CAB',
미쟝센데미지케어에센스,8806403217098',
46cm)초극세모칫솔,8801051009033',
해피바스)로즈바디워시,8806403097348',
위)보송케어울날중18P,4902430986878',
위)보송케어오버나이트,4902430986861',
케라시스)미니세트,25AFD968C3C348C2A501D66A6F9F9381',
레모나D병,8806102872437',
-,-,
롯데)이프로,8801056017583',
